timestamp,agent_index,action,score,is_win,is_lose,game_over,map_matrix
2026-05-29T14:15:07.399897,0,West,0.0,False,False,False,"[[0, 0, 0, 0, 0, 0, 0, 0, 0, 0, 0], [0, 2, 2, 2, 2, 2, 2, 2, 2, 3, 0], [0, 2, 0, 0, 0, 2, 0, 0, 0, 2, 0], [0, 2, 0, 2, 2, 2, 2, 2, 0, 2, 0], [0, 2, 2, 2, 0, 2, 0, 2, 2, 2, 0], [0, 0, 0, 2, 0, 2, 0, 2, 0, 0, 0], [0, 2, 2, 2, 2, 2, 2, 2, 2, 2, 0], [0, 2, 0, 2, 0, 0, 0, 2, 0, 2, 0], [0, 2, 0, 2, 0, 4, 0, 2, 0, 2, 0], [0, 5, 0, 2, 0, 1, 1, 2, 0, 2, 0], [0, 2, 0, 2, 0, 1, 1, 2, 0, 2, 0], [0, 2, 0, 2, 0, 4, 0, 2, 0, 2, 0], [0, 2, 0, 2, 0, 0, 0, 2, 0, 2, 0], [0, 2, 2, 2, 2, 2, 2, 2, 2, 2, 0], [0, 0, 0, 2, 0, 2, 0, 2, 0, 0, 0], [0, 2, 2, 2, 0, 2, 0, 2, 2, 2, 0], [0, 2, 0, 2, 2, 2, 2, 2, 0, 2, 0], [0, 2, 0, 0, 0, 2, 0, 0, 0, 2, 0], [0, 3, 2, 2, 2, 2, 2, 2, 2, 2, 0], [0, 0, 0, 0, 0, 0, 0, 0, 0, 0, 0]]"
2026-05-29T14:15:07.524177,0,East,9.0,False,False,False,"[[0, 0, 0, 0, 0, 0, 0, 0, 0, 0, 0], [0, 2, 2, 2, 2, 2, 2, 2, 2, 3, 0], [0, 2, 0, 0, 0, 2, 0, 0, 0, 2, 0], [0, 2, 0, 2, 2, 2, 2, 2, 0, 2, 0], [0, 2, 2, 2, 0, 2, 0, 2, 2, 2, 0], [0, 0, 0, 2, 0, 2, 0, 2, 0, 0, 0], [0, 2, 2, 2, 2, 2, 2, 2, 2, 2, 0], [0, 2, 0, 2, 0, 0, 0, 2, 0, 2, 0], [0, 5, 0, 2, 0, 1, 0, 2, 0, 2, 0], [0, 1, 0, 2, 0, 4, 1, 2, 0, 2, 0], [0, 2, 0, 2, 0, 4, 1, 2, 0, 2, 0], [0, 2, 0, 2, 0, 1, 0, 2, 0, 2, 0], [0, 2, 0, 2, 0, 0, 0, 2, 0, 2, 0], [0, 2, 2, 2, 2, 2, 2, 2, 2, 2, 0], [0, 0, 0, 2, 0, 2, 0, 2, 0, 0, 0], [0, 2, 2, 2, 0, 2, 0, 2, 2, 2, 0], [0, 2, 0, 2, 2, 2, 2, 2, 0, 2, 0], [0, 2, 0, 0, 0, 2, 0, 0, 0, 2, 0], [0, 3, 2, 2, 2, 2, 2, 2, 2, 2, 0], [0, 0, 0, 0, 0, 0, 0, 0, 0, 0, 0]]"
2026-05-29T14:15:07.655836,0,East,8.0,False,False,False,"[[0, 0, 0, 0, 0, 0, 0, 0, 0, 0, 0], [0, 2, 2, 2, 2, 2, 2, 2, 2, 3, 0], [0, 2, 0, 0, 0, 2, 0, 0, 0, 2, 0], [0, 2, 0, 2, 2, 2, 2, 2, 0, 2, 0], [0, 2, 2, 2, 0, 2, 0, 2, 2, 2, 0], [0, 0, 0, 2, 0, 2, 0, 2, 0, 0, 0], [0, 2, 2, 2, 2, 2, 2, 2, 2, 2, 0], [0, 2, 0, 2, 0, 0, 0, 2, 0, 2, 0], [0, 1, 0, 2, 0, 1, 0, 2, 0, 2, 0], [0, 5, 0, 2, 0, 4, 4, 2, 0, 2, 0], [0, 2, 0, 2, 0, 1, 1, 2, 0, 2, 0], [0, 2, 0, 2, 0, 1, 0, 2, 0, 2, 0], [0, 2, 0, 2, 0, 0, 0, 2, 0, 2, 0], [0, 2, 2, 2, 2, 2, 2, 2, 2, 2, 0], [0, 0, 0, 2, 0, 2, 0, 2, 0, 0, 0], [0, 2, 2, 2, 0, 2, 0, 2, 2, 2, 0], [0, 2, 0, 2, 2, 2, 2, 2, 0, 2, 0], [0, 2, 0, 0, 0, 2, 0, 0, 0, 2, 0], [0, 3, 2, 2, 2, 2, 2, 2, 2, 2, 0], [0, 0, 0, 0, 0, 0, 0, 0, 0, 0, 0]]"
2026-05-29T14:15:07.784298,0,East,17.0,False,False,False,"[[0, 0, 0, 0, 0, 0, 0, 0, 0, 0, 0], [0, 2, 2, 2, 2, 2, 2, 2, 2, 3, 0], [0, 2, 0, 0, 0, 2, 0, 0, 0, 2, 0], [0, 2, 0, 2, 2, 2, 2, 2, 0, 2, 0], [0, 2, 2, 2, 0, 2, 0, 2, 2, 2, 0], [0, 0, 0, 2, 0, 2, 0, 2, 0, 0, 0], [0, 2, 2, 2, 2, 2, 2, 2, 2, 2, 0], [0, 2, 0, 2, 0, 0, 0, 2, 0, 2, 0], [0, 1, 0, 2, 0, 1, 0, 2, 0, 2, 0], [0, 1, 0, 2, 0, 1, 4, 2, 0, 2, 0], [0, 5, 0, 2, 0, 1, 4, 2, 0, 2, 0], [0, 2, 0, 2, 0, 1, 0, 2, 0, 2, 0], [0, 2, 0, 2, 0, 0, 0, 2, 0, 2, 0], [0, 2, 2, 2, 2, 2, 2, 2, 2, 2, 0], [0, 0, 0, 2, 0, 2, 0, 2, 0, 0, 0], [0, 2, 2, 2, 0, 2, 0, 2, 2, 2, 0], [0, 2, 0, 2, 2, 2, 2, 2, 0, 2, 0], [0, 2, 0, 0, 0, 2, 0, 0, 0, 2, 0], [0, 3, 2, 2, 2, 2, 2, 2, 2, 2, 0], [0, 0, 0, 0, 0, 0, 0, 0, 0, 0, 0]]"
2026-05-29T14:15:07.911600,0,East,26.0,False,False,False,"[[0, 0, 0, 0, 0, 0, 0, 0, 0, 0, 0], [0, 2, 2, 2, 2, 2, 2, 2, 2, 3, 0], [0, 2, 0, 0, 0, 2, 0, 0, 0, 2, 0], [0, 2, 0, 2, 2, 2, 2, 2, 0, 2, 0], [0, 2, 2, 2, 0, 2, 0, 2, 2, 2, 0], [0, 0, 0, 2, 0, 2, 0, 2, 0, 0, 0], [0, 2, 2, 2, 2, 2, 2, 2, 2, 2, 0], [0, 2, 0, 2, 0, 0, 0, 2, 0, 2, 0], [0, 1, 0, 2, 0, 1, 0, 2, 0, 2, 0], [0, 1, 0, 2, 0, 1, 1, 2, 0, 2, 0], [0, 1, 0, 2, 0, 4, 4, 2, 0, 2, 0], [0, 5, 0, 2, 0, 1, 0, 2, 0, 2, 0], [0, 2, 0, 2, 0, 0, 0, 2, 0, 2, 0], [0, 2, 2, 2, 2, 2, 2, 2, 2, 2, 0], [0, 0, 0, 2, 0, 2, 0, 2, 0, 0, 0], [0, 2, 2, 2, 0, 2, 0, 2, 2, 2, 0], [0, 2, 0, 2, 2, 2, 2, 2, 0, 2, 0], [0, 2, 0, 0, 0, 2, 0, 0, 0, 2, 0], [0, 3, 2, 2, 2, 2, 2, 2, 2, 2, 0], [0, 0, 0, 0, 0, 0, 0, 0, 0, 0, 0]]"
2026-05-29T14:15:08.037515,0,East,35.0,False,False,False,"[[0, 0, 0, 0, 0, 0, 0, 0, 0, 0, 0], [0, 2, 2, 2, 2, 2, 2, 2, 2, 3, 0], [0, 2, 0, 0, 0, 2, 0, 0, 0, 2, 0], [0, 2, 0, 2, 2, 2, 2, 2, 0, 2, 0], [0, 2, 2, 2, 0, 2, 0, 2, 2, 2, 0], [0, 0, 0, 2, 0, 2, 0, 2, 0, 0, 0], [0, 2, 2, 2, 2, 2, 2, 2, 2, 2, 0], [0, 2, 0, 2, 0, 0, 0, 2, 0, 2, 0], [0, 1, 0, 2, 0, 1, 0, 2, 0, 2, 0], [0, 1, 0, 2, 0, 1, 1, 2, 0, 2, 0], [0, 1, 0, 2, 0, 4, 1, 2, 0, 2, 0], [0, 1, 0, 2, 0, 4, 0, 2, 0, 2, 0], [0, 5, 0, 2, 0, 0, 0, 2, 0, 2, 0], [0, 2, 2, 2, 2, 2, 2, 2, 2, 2, 0], [0, 0, 0, 2, 0, 2, 0, 2, 0, 0, 0], [0, 2, 2, 2, 0, 2, 0, 2, 2, 2, 0], [0, 2, 0, 2, 2, 2, 2, 2, 0, 2, 0], [0, 2, 0, 0, 0, 2, 0, 0, 0, 2, 0], [0, 3, 2, 2, 2, 2, 2, 2, 2, 2, 0], [0, 0, 0, 0, 0, 0, 0, 0, 0, 0, 0]]"
2026-05-29T14:15:08.170417,0,North,44.0,False,False,False,"[[0, 0, 0, 0, 0, 0, 0, 0, 0, 0, 0], [0, 2, 2, 2, 2, 2, 2, 2, 2, 3, 0], [0, 2, 0, 0, 0, 2, 0, 0, 0, 2, 0], [0, 2, 0, 2, 2, 2, 2, 2, 0, 2, 0], [0, 2, 2, 2, 0, 2, 0, 2, 2, 2, 0], [0, 0, 0, 2, 0, 2, 0, 2, 0, 0, 0], [0, 2, 2, 2, 2, 2, 2, 2, 2, 2, 0], [0, 2, 0, 2, 0, 0, 0, 2, 0, 2, 0], [0, 1, 0, 2, 0, 1, 0, 2, 0, 2, 0], [0, 1, 0, 2, 0, 1, 1, 2, 0, 2, 0], [0, 1, 0, 2, 0, 4, 1, 2, 0, 2, 0], [0, 1, 0, 2, 0, 4, 0, 2, 0, 2, 0], [0, 1, 0, 2, 0, 0, 0, 2, 0, 2, 0], [0, 5, 2, 2, 2, 2, 2, 2, 2, 2, 0], [0, 0, 0, 2, 0, 2, 0, 2, 0, 0, 0], [0, 2, 2, 2, 0, 2, 0, 2, 2, 2, 0], [0, 2, 0, 2, 2, 2, 2, 2, 0, 2, 0], [0, 2, 0, 0, 0, 2, 0, 0, 0, 2, 0], [0, 3, 2, 2, 2, 2, 2, 2, 2, 2, 0], [0, 0, 0, 0, 0, 0, 0, 0, 0, 0, 0]]"
2026-05-29T14:15:08.290723,0,North,53.0,False,False,False,"[[0, 0, 0, 0, 0, 0, 0, 0, 0, 0, 0], [0, 2, 2, 2, 2, 2, 2, 2, 2, 3, 0], [0, 2, 0, 0, 0, 2, 0, 0, 0, 2, 0], [0, 2, 0, 2, 2, 2, 2, 2, 0, 2, 0], [0, 2, 2, 2, 0, 2, 0, 2, 2, 2, 0], [0, 0, 0, 2, 0, 2, 0, 2, 0, 0, 0], [0, 2, 2, 2, 2, 2, 2, 2, 2, 2, 0], [0, 2, 0, 2, 0, 0, 0, 2, 0, 2, 0], [0, 1, 0, 2, 0, 1, 0, 2, 0, 2, 0], [0, 1, 0, 2, 0, 4, 1, 2, 0, 2, 0], [0, 1, 0, 2, 0, 4, 1, 2, 0, 2, 0], [0, 1, 0, 2, 0, 1, 0, 2, 0, 2, 0], [0, 1, 0, 2, 0, 0, 0, 2, 0, 2, 0], [0, 1, 5, 2, 2, 2, 2, 2, 2, 2, 0], [0, 0, 0, 2, 0, 2, 0, 2, 0, 0, 0], [0, 2, 2, 2, 0, 2, 0, 2, 2, 2, 0], [0, 2, 0, 2, 2, 2, 2, 2, 0, 2, 0], [0, 2, 0, 0, 0, 2, 0, 0, 0, 2, 0], [0, 3, 2, 2, 2, 2, 2, 2, 2, 2, 0], [0, 0, 0, 0, 0, 0, 0, 0, 0, 0, 0]]"
2026-05-29T14:15:08.416434,0,East,62.0,False,False,False,"[[0, 0, 0, 0, 0, 0, 0, 0, 0, 0, 0], [0, 2, 2, 2, 2, 2, 2, 2, 2, 3, 0], [0, 2, 0, 0, 0, 2, 0, 0, 0, 2, 0], [0, 2, 0, 2, 2, 2, 2, 2, 0, 2, 0], [0, 2, 2, 2, 0, 2, 0, 2, 2, 2, 0], [0, 0, 0, 2, 0, 2, 0, 2, 0, 0, 0], [0, 2, 2, 2, 2, 2, 2, 2, 2, 2, 0], [0, 2, 0, 2, 0, 0, 0, 2, 0, 2, 0], [0, 1, 0, 2, 0, 4, 0, 2, 0, 2, 0], [0, 1, 0, 2, 0, 4, 1, 2, 0, 2, 0], [0, 1, 0, 2, 0, 1, 1, 2, 0, 2, 0], [0, 1, 0, 2, 0, 1, 0, 2, 0, 2, 0], [0, 1, 0, 2, 0, 0, 0, 2, 0, 2, 0], [0, 1, 1, 5, 2, 2, 2, 2, 2, 2, 0], [0, 0, 0, 2, 0, 2, 0, 2, 0, 0, 0], [0, 2, 2, 2, 0, 2, 0, 2, 2, 2, 0], [0, 2, 0, 2, 2, 2, 2, 2, 0, 2, 0], [0, 2, 0, 0, 0, 2, 0, 0, 0, 2, 0], [0, 3, 2, 2, 2, 2, 2, 2, 2, 2, 0], [0, 0, 0, 0, 0, 0, 0, 0, 0, 0, 0]]"
2026-05-29T14:15:08.549051,0,West,71.0,False,False,False,"[[0, 0, 0, 0, 0, 0, 0, 0, 0, 0, 0], [0, 2, 2, 2, 2, 2, 2, 2, 2, 3, 0], [0, 2, 0, 0, 0, 2, 0, 0, 0, 2, 0], [0, 2, 0, 2, 2, 2, 2, 2, 0, 2, 0], [0, 2, 2, 2, 0, 2, 0, 2, 2, 2, 0], [0, 0, 0, 2, 0, 2, 0, 2, 0, 0, 0], [0, 2, 2, 2, 2, 2, 2, 2, 2, 2, 0], [0, 2, 0, 2, 0, 0, 0, 2, 0, 2, 0], [0, 1, 0, 2, 0, 1, 0, 2, 0, 2, 0], [0, 1, 0, 2, 0, 4, 4, 2, 0, 2, 0], [0, 1, 0, 2, 0, 1, 1, 2, 0, 2, 0], [0, 1, 0, 2, 0, 1, 0, 2, 0, 2, 0], [0, 1, 0, 2, 0, 0, 0, 2, 0, 2, 0], [0, 1, 1, 1, 2, 2, 2, 2, 2, 2, 0], [0, 0, 0, 5, 0, 2, 0, 2, 0, 0, 0], [0, 2, 2, 2, 0, 2, 0, 2, 2, 2, 0], [0, 2, 0, 2, 2, 2, 2, 2, 0, 2, 0], [0, 2, 0, 0, 0, 2, 0, 0, 0, 2, 0], [0, 3, 2, 2, 2, 2, 2, 2, 2, 2, 0], [0, 0, 0, 0, 0, 0, 0, 0, 0, 0, 0]]"
2026-05-29T14:15:08.678254,0,South,70.0,False,False,False,"[[0, 0, 0, 0, 0, 0, 0, 0, 0, 0, 0], [0, 2, 2, 2, 2, 2, 2, 2, 2, 3, 0], [0, 2, 0, 0, 0, 2, 0, 0, 0, 2, 0], [0, 2, 0, 2, 2, 2, 2, 2, 0, 2, 0], [0, 2, 2, 2, 0, 2, 0, 2, 2, 2, 0], [0, 0, 0, 2, 0, 2, 0, 2, 0, 0, 0], [0, 2, 2, 2, 2, 2, 2, 2, 2, 2, 0], [0, 2, 0, 2, 0, 0, 0, 2, 0, 2, 0], [0, 1, 0, 2, 0, 1, 0, 2, 0, 2, 0], [0, 1, 0, 2, 0, 1, 1, 2, 0, 2, 0], [0, 1, 0, 2, 0, 4, 4, 2, 0, 2, 0], [0, 1, 0, 2, 0, 1, 0, 2, 0, 2, 0], [0, 1, 0, 2, 0, 0, 0, 2, 0, 2, 0], [0, 1, 1, 5, 2, 2, 2, 2, 2, 2, 0], [0, 0, 0, 1, 0, 2, 0, 2, 0, 0, 0], [0, 2, 2, 2, 0, 2, 0, 2, 2, 2, 0], [0, 2, 0, 2, 2, 2, 2, 2, 0, 2, 0], [0, 2, 0, 0, 0, 2, 0, 0, 0, 2, 0], [0, 3, 2, 2, 2, 2, 2, 2, 2, 2, 0], [0, 0, 0, 0, 0, 0, 0, 0, 0, 0, 0]]"
2026-05-29T14:15:08.803338,0,South,69.0,False,False,False,"[[0, 0, 0, 0, 0, 0, 0, 0, 0, 0, 0], [0, 2, 2, 2, 2, 2, 2, 2, 2, 3, 0], [0, 2, 0, 0, 0, 2, 0, 0, 0, 2, 0], [0, 2, 0, 2, 2, 2, 2, 2, 0, 2, 0], [0, 2, 2, 2, 0, 2, 0, 2, 2, 2, 0], [0, 0, 0, 2, 0, 2, 0, 2, 0, 0, 0], [0, 2, 2, 2, 2, 2, 2, 2, 2, 2, 0], [0, 2, 0, 2, 0, 0, 0, 2, 0, 2, 0], [0, 1, 0, 2, 0, 1, 0, 2, 0, 2, 0], [0, 1, 0, 2, 0, 1, 1, 2, 0, 2, 0], [0, 1, 0, 2, 0, 4, 1, 2, 0, 2, 0], [0, 1, 0, 2, 0, 4, 0, 2, 0, 2, 0], [0, 1, 0, 2, 0, 0, 0, 2, 0, 2, 0], [0, 1, 5, 1, 2, 2, 2, 2, 2, 2, 0], [0, 0, 0, 1, 0, 2, 0, 2, 0, 0, 0], [0, 2, 2, 2, 0, 2, 0, 2, 2, 2, 0], [0, 2, 0, 2, 2, 2, 2, 2, 0, 2, 0], [0, 2, 0, 0, 0, 2, 0, 0, 0, 2, 0], [0, 3, 2, 2, 2, 2, 2, 2, 2, 2, 0], [0, 0, 0, 0, 0, 0, 0, 0, 0, 0, 0]]"
2026-05-29T14:15:08.931317,0,West,68.0,False,False,False,"[[0, 0, 0, 0, 0, 0, 0, 0, 0, 0, 0], [0, 2, 2, 2, 2, 2, 2, 2, 2, 3, 0], [0, 2, 0, 0, 0, 2, 0, 0, 0, 2, 0], [0, 2, 0, 2, 2, 2, 2, 2, 0, 2, 0], [0, 2, 2, 2, 0, 2, 0, 2, 2, 2, 0], [0, 0, 0, 2, 0, 2, 0, 2, 0, 0, 0], [0, 2, 2, 2, 2, 2, 2, 2, 2, 2, 0], [0, 2, 0, 2, 0, 0, 0, 2, 0, 2, 0], [0, 1, 0, 2, 0, 1, 0, 2, 0, 2, 0], [0, 1, 0, 2, 0, 1, 1, 2, 0, 2, 0], [0, 1, 0, 2, 0, 4, 1, 2, 0, 2, 0], [0, 1, 0, 2, 0, 4, 0, 2, 0, 2, 0], [0, 1, 0, 2, 0, 0, 0, 2, 0, 2, 0], [0, 5, 1, 1, 2, 2, 2, 2, 2, 2, 0], [0, 0, 0, 1, 0, 2, 0, 2, 0, 0, 0], [0, 2, 2, 2, 0, 2, 0, 2, 2, 2, 0], [0, 2, 0, 2, 2, 2, 2, 2, 0, 2, 0], [0, 2, 0, 0, 0, 2, 0, 0, 0, 2, 0], [0, 3, 2, 2, 2, 2, 2, 2, 2, 2, 0], [0, 0, 0, 0, 0, 0, 0, 0, 0, 0, 0]]"
2026-05-29T14:15:09.056120,0,West,67.0,False,False,False,"[[0, 0, 0, 0, 0, 0, 0, 0, 0, 0, 0], [0, 2, 2, 2, 2, 2, 2, 2, 2, 3, 0], [0, 2, 0, 0, 0, 2, 0, 0, 0, 2, 0], [0, 2, 0, 2, 2, 2, 2, 2, 0, 2, 0], [0, 2, 2, 2, 0, 2, 0, 2, 2, 2, 0], [0, 0, 0, 2, 0, 2, 0, 2, 0, 0, 0], [0, 2, 2, 2, 2, 2, 2, 2, 2, 2, 0], [0, 2, 0, 2, 0, 0, 0, 2, 0, 2, 0], [0, 1, 0, 2, 0, 1, 0, 2, 0, 2, 0], [0, 1, 0, 2, 0, 4, 1, 2, 0, 2, 0], [0, 1, 0, 2, 0, 4, 1, 2, 0, 2, 0], [0, 1, 0, 2, 0, 1, 0, 2, 0, 2, 0], [0, 5, 0, 2, 0, 0, 0, 2, 0, 2, 0], [0, 1, 1, 1, 2, 2, 2, 2, 2, 2, 0], [0, 0, 0, 1, 0, 2, 0, 2, 0, 0, 0], [0, 2, 2, 2, 0, 2, 0, 2, 2, 2, 0], [0, 2, 0, 2, 2, 2, 2, 2, 0, 2, 0], [0, 2, 0, 0, 0, 2, 0, 0, 0, 2, 0], [0, 3, 2, 2, 2, 2, 2, 2, 2, 2, 0], [0, 0, 0, 0, 0, 0, 0, 0, 0, 0, 0]]"
2026-05-29T14:15:09.182608,0,West,66.0,False,False,False,"[[0, 0, 0, 0, 0, 0, 0, 0, 0, 0, 0], [0, 2, 2, 2, 2, 2, 2, 2, 2, 3, 0], [0, 2, 0, 0, 0, 2, 0, 0, 0, 2, 0], [0, 2, 0, 2, 2, 2, 2, 2, 0, 2, 0], [0, 2, 2, 2, 0, 2, 0, 2, 2, 2, 0], [0, 0, 0, 2, 0, 2, 0, 2, 0, 0, 0], [0, 2, 2, 2, 2, 2, 2, 2, 2, 2, 0], [0, 2, 0, 2, 0, 0, 0, 2, 0, 2, 0], [0, 1, 0, 2, 0, 1, 0, 2, 0, 2, 0], [0, 1, 0, 2, 0, 1, 4, 2, 0, 2, 0], [0, 1, 0, 2, 0, 1, 4, 2, 0, 2, 0], [0, 5, 0, 2, 0, 1, 0, 2, 0, 2, 0], [0, 1, 0, 2, 0, 0, 0, 2, 0, 2, 0], [0, 1, 1, 1, 2, 2, 2, 2, 2, 2, 0], [0, 0, 0, 1, 0, 2, 0, 2, 0, 0, 0], [0, 2, 2, 2, 0, 2, 0, 2, 2, 2, 0], [0, 2, 0, 2, 2, 2, 2, 2, 0, 2, 0], [0, 2, 0, 0, 0, 2, 0, 0, 0, 2, 0], [0, 3, 2, 2, 2, 2, 2, 2, 2, 2, 0], [0, 0, 0, 0, 0, 0, 0, 0, 0, 0, 0]]"
2026-05-29T14:15:09.311409,0,East,65.0,False,False,False,"[[0, 0, 0, 0, 0, 0, 0, 0, 0, 0, 0], [0, 2, 2, 2, 2, 2, 2, 2, 2, 3, 0], [0, 2, 0, 0, 0, 2, 0, 0, 0, 2, 0], [0, 2, 0, 2, 2, 2, 2, 2, 0, 2, 0], [0, 2, 2, 2, 0, 2, 0, 2, 2, 2, 0], [0, 0, 0, 2, 0, 2, 0, 2, 0, 0, 0], [0, 2, 2, 2, 2, 2, 2, 2, 2, 2, 0], [0, 2, 0, 2, 0, 0, 0, 2, 0, 2, 0], [0, 1, 0, 2, 0, 1, 0, 2, 0, 2, 0], [0, 1, 0, 2, 0, 1, 4, 2, 0, 2, 0], [0, 5, 0, 2, 0, 1, 4, 2, 0, 2, 0], [0, 1, 0, 2, 0, 1, 0, 2, 0, 2, 0], [0, 1, 0, 2, 0, 0, 0, 2, 0, 2, 0], [0, 1, 1, 1, 2, 2, 2, 2, 2, 2, 0], [0, 0, 0, 1, 0, 2, 0, 2, 0, 0, 0], [0, 2, 2, 2, 0, 2, 0, 2, 2, 2, 0], [0, 2, 0, 2, 2, 2, 2, 2, 0, 2, 0], [0, 2, 0, 0, 0, 2, 0, 0, 0, 2, 0], [0, 3, 2, 2, 2, 2, 2, 2, 2, 2, 0], [0, 0, 0, 0, 0, 0, 0, 0, 0, 0, 0]]"
2026-05-29T14:15:09.435040,0,East,64.0,False,False,False,"[[0, 0, 0, 0, 0, 0, 0, 0, 0, 0, 0], [0, 2, 2, 2, 2, 2, 2, 2, 2, 3, 0], [0, 2, 0, 0, 0, 2, 0, 0, 0, 2, 0], [0, 2, 0, 2, 2, 2, 2, 2, 0, 2, 0], [0, 2, 2, 2, 0, 2, 0, 2, 2, 2, 0], [0, 0, 0, 2, 0, 2, 0, 2, 0, 0, 0], [0, 2, 2, 2, 2, 2, 2, 2, 2, 2, 0], [0, 2, 0, 2, 0, 0, 0, 2, 0, 2, 0], [0, 1, 0, 2, 0, 1, 0, 2, 0, 2, 0], [0, 1, 0, 2, 0, 4, 1, 2, 0, 2, 0], [0, 1, 0, 2, 0, 1, 1, 4, 0, 2, 0], [0, 5, 0, 2, 0, 1, 0, 2, 0, 2, 0], [0, 1, 0, 2, 0, 0, 0, 2, 0, 2, 0], [0, 1, 1, 1, 2, 2, 2, 2, 2, 2, 0], [0, 0, 0, 1, 0, 2, 0, 2, 0, 0, 0], [0, 2, 2, 2, 0, 2, 0, 2, 2, 2, 0], [0, 2, 0, 2, 2, 2, 2, 2, 0, 2, 0], [0, 2, 0, 0, 0, 2, 0, 0, 0, 2, 0], [0, 3, 2, 2, 2, 2, 2, 2, 2, 2, 0], [0, 0, 0, 0, 0, 0, 0, 0, 0, 0, 0]]"
2026-05-29T14:15:09.559780,0,East,63.0,False,False,False,"[[0, 0, 0, 0, 0, 0, 0, 0, 0, 0, 0], [0, 2, 2, 2, 2, 2, 2, 2, 2, 3, 0], [0, 2, 0, 0, 0, 2, 0, 0, 0, 2, 0], [0, 2, 0, 2, 2, 2, 2, 2, 0, 2, 0], [0, 2, 2, 2, 0, 2, 0, 2, 2, 2, 0], [0, 0, 0, 2, 0, 2, 0, 2, 0, 0, 0], [0, 2, 2, 2, 2, 2, 2, 2, 2, 2, 0], [0, 2, 0, 2, 0, 0, 0, 2, 0, 2, 0], [0, 1, 0, 2, 0, 1, 0, 2, 0, 2, 0], [0, 1, 0, 2, 0, 1, 1, 2, 0, 2, 0], [0, 1, 0, 2, 0, 4, 1, 2, 0, 2, 0], [0, 1, 0, 2, 0, 1, 0, 4, 0, 2, 0], [0, 5, 0, 2, 0, 0, 0, 2, 0, 2, 0], [0, 1, 1, 1, 2, 2, 2, 2, 2, 2, 0], [0, 0, 0, 1, 0, 2, 0, 2, 0, 0, 0], [0, 2, 2, 2, 0, 2, 0, 2, 2, 2, 0], [0, 2, 0, 2, 2, 2, 2, 2, 0, 2, 0], [0, 2, 0, 0, 0, 2, 0, 0, 0, 2, 0], [0, 3, 2, 2, 2, 2, 2, 2, 2, 2, 0], [0, 0, 0, 0, 0, 0, 0, 0, 0, 0, 0]]"
2026-05-29T14:15:09.683930,0,North,62.0,False,False,False,"[[0, 0, 0, 0, 0, 0, 0, 0, 0, 0, 0], [0, 2, 2, 2, 2, 2, 2, 2, 2, 3, 0], [0, 2, 0, 0, 0, 2, 0, 0, 0, 2, 0], [0, 2, 0, 2, 2, 2, 2, 2, 0, 2, 0], [0, 2, 2, 2, 0, 2, 0, 2, 2, 2, 0], [0, 0, 0, 2, 0, 2, 0, 2, 0, 0, 0], [0, 2, 2, 2, 2, 2, 2, 2, 2, 2, 0], [0, 2, 0, 2, 0, 0, 0, 2, 0, 2, 0], [0, 1, 0, 2, 0, 1, 0, 2, 0, 2, 0], [0, 1, 0, 2, 0, 1, 1, 2, 0, 2, 0], [0, 1, 0, 2, 0, 1, 4, 2, 0, 2, 0], [0, 1, 0, 2, 0, 1, 0, 2, 0, 2, 0], [0, 1, 0, 2, 0, 0, 0, 4, 0, 2, 0], [0, 5, 1, 1, 2, 2, 2, 2, 2, 2, 0], [0, 0, 0, 1, 0, 2, 0, 2, 0, 0, 0], [0, 2, 2, 2, 0, 2, 0, 2, 2, 2, 0], [0, 2, 0, 2, 2, 2, 2, 2, 0, 2, 0], [0, 2, 0, 0, 0, 2, 0, 0, 0, 2, 0], [0, 3, 2, 2, 2, 2, 2, 2, 2, 2, 0], [0, 0, 0, 0, 0, 0, 0, 0, 0, 0, 0]]"
2026-05-29T14:15:09.807399,0,North,61.0,False,False,False,"[[0, 0, 0, 0, 0, 0, 0, 0, 0, 0, 0], [0, 2, 2, 2, 2, 2, 2, 2, 2, 3, 0], [0, 2, 0, 0, 0, 2, 0, 0, 0, 2, 0], [0, 2, 0, 2, 2, 2, 2, 2, 0, 2, 0], [0, 2, 2, 2, 0, 2, 0, 2, 2, 2, 0], [0, 0, 0, 2, 0, 2, 0, 2, 0, 0, 0], [0, 2, 2, 2, 2, 2, 2, 2, 2, 2, 0], [0, 2, 0, 2, 0, 0, 0, 2, 0, 2, 0], [0, 1, 0, 2, 0, 1, 0, 2, 0, 2, 0], [0, 1, 0, 2, 0, 1, 1, 2, 0, 2, 0], [0, 1, 0, 2, 0, 1, 1, 4, 0, 2, 0], [0, 1, 0, 2, 0, 1, 0, 2, 0, 2, 0], [0, 1, 0, 2, 0, 0, 0, 2, 0, 2, 0], [0, 1, 5, 1, 2, 2, 2, 4, 2, 2, 0], [0, 0, 0, 1, 0, 2, 0, 2, 0, 0, 0], [0, 2, 2, 2, 0, 2, 0, 2, 2, 2, 0], [0, 2, 0, 2, 2, 2, 2, 2, 0, 2, 0], [0, 2, 0, 0, 0, 2, 0, 0, 0, 2, 0], [0, 3, 2, 2, 2, 2, 2, 2, 2, 2, 0], [0, 0, 0, 0, 0, 0, 0, 0, 0, 0, 0]]"
2026-05-29T14:15:09.921003,0,East,60.0,False,False,False,"[[0, 0, 0, 0, 0, 0, 0, 0, 0, 0, 0], [0, 2, 2, 2, 2, 2, 2, 2, 2, 3, 0], [0, 2, 0, 0, 0, 2, 0, 0, 0, 2, 0], [0, 2, 0, 2, 2, 2, 2, 2, 0, 2, 0], [0, 2, 2, 2, 0, 2, 0, 2, 2, 2, 0], [0, 0, 0, 2, 0, 2, 0, 2, 0, 0, 0], [0, 2, 2, 2, 2, 2, 2, 2, 2, 2, 0], [0, 2, 0, 2, 0, 0, 0, 2, 0, 2, 0], [0, 1, 0, 2, 0, 1, 0, 2, 0, 2, 0], [0, 1, 0, 2, 0, 1, 1, 2, 0, 2, 0], [0, 1, 0, 2, 0, 1, 1, 2, 0, 2, 0], [0, 1, 0, 2, 0, 1, 0, 4, 0, 2, 0], [0, 1, 0, 2, 0, 0, 0, 2, 0, 2, 0], [0, 1, 1, 5, 2, 2, 4, 2, 2, 2, 0], [0, 0, 0, 1, 0, 2, 0, 2, 0, 0, 0], [0, 2, 2, 2, 0, 2, 0, 2, 2, 2, 0], [0, 2, 0, 2, 2, 2, 2, 2, 0, 2, 0], [0, 2, 0, 0, 0, 2, 0, 0, 0, 2, 0], [0, 3, 2, 2, 2, 2, 2, 2, 2, 2, 0], [0, 0, 0, 0, 0, 0, 0, 0, 0, 0, 0]]"
2026-05-29T14:15:10.035743,0,East,59.0,False,False,False,"[[0, 0, 0, 0, 0, 0, 0, 0, 0, 0, 0], [0, 2, 2, 2, 2, 2, 2, 2, 2, 3, 0], [0, 2, 0, 0, 0, 2, 0, 0, 0, 2, 0], [0, 2, 0, 2, 2, 2, 2, 2, 0, 2, 0], [0, 2, 2, 2, 0, 2, 0, 2, 2, 2, 0], [0, 0, 0, 2, 0, 2, 0, 2, 0, 0, 0], [0, 2, 2, 2, 2, 2, 2, 2, 2, 2, 0], [0, 2, 0, 2, 0, 0, 0, 2, 0, 2, 0], [0, 1, 0, 2, 0, 1, 0, 2, 0, 2, 0], [0, 1, 0, 2, 0, 1, 1, 2, 0, 2, 0], [0, 1, 0, 2, 0, 1, 1, 2, 0, 2, 0], [0, 1, 0, 2, 0, 1, 0, 2, 0, 2, 0], [0, 1, 0, 2, 0, 0, 0, 4, 0, 2, 0], [0, 1, 1, 1, 2, 4, 2, 2, 2, 2, 0], [0, 0, 0, 5, 0, 2, 0, 2, 0, 0, 0], [0, 2, 2, 2, 0, 2, 0, 2, 2, 2, 0], [0, 2, 0, 2, 2, 2, 2, 2, 0, 2, 0], [0, 2, 0, 0, 0, 2, 0, 0, 0, 2, 0], [0, 3, 2, 2, 2, 2, 2, 2, 2, 2, 0], [0, 0, 0, 0, 0, 0, 0, 0, 0, 0, 0]]"
2026-05-29T14:15:10.163246,0,South,68.0,False,False,False,"[[0, 0, 0, 0, 0, 0, 0, 0, 0, 0, 0], [0, 2, 2, 2, 2, 2, 2, 2, 2, 3, 0], [0, 2, 0, 0, 0, 2, 0, 0, 0, 2, 0], [0, 2, 0, 2, 2, 2, 2, 2, 0, 2, 0], [0, 2, 2, 2, 0, 2, 0, 2, 2, 2, 0], [0, 0, 0, 2, 0, 2, 0, 2, 0, 0, 0], [0, 2, 2, 2, 2, 2, 2, 2, 2, 2, 0], [0, 2, 0, 2, 0, 0, 0, 2, 0, 2, 0], [0, 1, 0, 2, 0, 1, 0, 2, 0, 2, 0], [0, 1, 0, 2, 0, 1, 1, 2, 0, 2, 0], [0, 1, 0, 2, 0, 1, 1, 2, 0, 2, 0], [0, 1, 0, 2, 0, 1, 0, 2, 0, 2, 0], [0, 1, 0, 2, 0, 0, 0, 2, 0, 2, 0], [0, 1, 1, 1, 4, 2, 2, 4, 2, 2, 0], [0, 0, 0, 1, 0, 2, 0, 2, 0, 0, 0], [0, 2, 2, 5, 0, 2, 0, 2, 2, 2, 0], [0, 2, 0, 2, 2, 2, 2, 2, 0, 2, 0], [0, 2, 0, 0, 0, 2, 0, 0, 0, 2, 0], [0, 3, 2, 2, 2, 2, 2, 2, 2, 2, 0], [0, 0, 0, 0, 0, 0, 0, 0, 0, 0, 0]]"
2026-05-29T14:15:10.285764,0,South,77.0,False,False,False,"[[0, 0, 0, 0, 0, 0, 0, 0, 0, 0, 0], [0, 2, 2, 2, 2, 2, 2, 2, 2, 3, 0], [0, 2, 0, 0, 0, 2, 0, 0, 0, 2, 0], [0, 2, 0, 2, 2, 2, 2, 2, 0, 2, 0], [0, 2, 2, 2, 0, 2, 0, 2, 2, 2, 0], [0, 0, 0, 2, 0, 2, 0, 2, 0, 0, 0], [0, 2, 2, 2, 2, 2, 2, 2, 2, 2, 0], [0, 2, 0, 2, 0, 0, 0, 2, 0, 2, 0], [0, 1, 0, 2, 0, 1, 0, 2, 0, 2, 0], [0, 1, 0, 2, 0, 1, 1, 2, 0, 2, 0], [0, 1, 0, 2, 0, 1, 1, 2, 0, 2, 0], [0, 1, 0, 2, 0, 1, 0, 2, 0, 2, 0], [0, 1, 0, 2, 0, 0, 0, 2, 0, 2, 0], [0, 1, 1, 4, 2, 2, 2, 2, 2, 2, 0], [0, 0, 0, 1, 0, 2, 0, 4, 0, 0, 0], [0, 2, 5, 1, 0, 2, 0, 2, 2, 2, 0], [0, 2, 0, 2, 2, 2, 2, 2, 0, 2, 0], [0, 2, 0, 0, 0, 2, 0, 0, 0, 2, 0], [0, 3, 2, 2, 2, 2, 2, 2, 2, 2, 0], [0, 0, 0, 0, 0, 0, 0, 0, 0, 0, 0]]"
2026-05-29T14:15:10.415032,0,East,86.0,False,False,False,"[[0, 0, 0, 0, 0, 0, 0, 0, 0, 0, 0], [0, 2, 2, 2, 2, 2, 2, 2, 2, 3, 0], [0, 2, 0, 0, 0, 2, 0, 0, 0, 2, 0], [0, 2, 0, 2, 2, 2, 2, 2, 0, 2, 0], [0, 2, 2, 2, 0, 2, 0, 2, 2, 2, 0], [0, 0, 0, 2, 0, 2, 0, 2, 0, 0, 0], [0, 2, 2, 2, 2, 2, 2, 2, 2, 2, 0], [0, 2, 0, 2, 0, 0, 0, 2, 0, 2, 0], [0, 1, 0, 2, 0, 1, 0, 2, 0, 2, 0], [0, 1, 0, 2, 0, 1, 1, 2, 0, 2, 0], [0, 1, 0, 2, 0, 1, 1, 2, 0, 2, 0], [0, 1, 0, 2, 0, 1, 0, 2, 0, 2, 0], [0, 1, 0, 2, 0, 0, 0, 2, 0, 2, 0], [0, 1, 4, 1, 2, 2, 2, 2, 2, 2, 0], [0, 0, 0, 1, 0, 2, 0, 2, 0, 0, 0], [0, 5, 1, 1, 0, 2, 0, 4, 2, 2, 0], [0, 2, 0, 2, 2, 2, 2, 2, 0, 2, 0], [0, 2, 0, 0, 0, 2, 0, 0, 0, 2, 0], [0, 3, 2, 2, 2, 2, 2, 2, 2, 2, 0], [0, 0, 0, 0, 0, 0, 0, 0, 0, 0, 0]]"
2026-05-29T14:15:10.538798,0,East,95.0,False,False,False,"[[0, 0, 0, 0, 0, 0, 0, 0, 0, 0, 0], [0, 2, 2, 2, 2, 2, 2, 2, 2, 3, 0], [0, 2, 0, 0, 0, 2, 0, 0, 0, 2, 0], [0, 2, 0, 2, 2, 2, 2, 2, 0, 2, 0], [0, 2, 2, 2, 0, 2, 0, 2, 2, 2, 0], [0, 0, 0, 2, 0, 2, 0, 2, 0, 0, 0], [0, 2, 2, 2, 2, 2, 2, 2, 2, 2, 0], [0, 2, 0, 2, 0, 0, 0, 2, 0, 2, 0], [0, 1, 0, 2, 0, 1, 0, 2, 0, 2, 0], [0, 1, 0, 2, 0, 1, 1, 2, 0, 2, 0], [0, 1, 0, 2, 0, 1, 1, 2, 0, 2, 0], [0, 1, 0, 2, 0, 1, 0, 2, 0, 2, 0], [0, 1, 0, 2, 0, 0, 0, 2, 0, 2, 0], [0, 4, 1, 1, 2, 2, 2, 2, 2, 2, 0], [0, 0, 0, 1, 0, 2, 0, 2, 0, 0, 0], [0, 1, 1, 1, 0, 2, 0, 2, 2, 2, 0], [0, 5, 0, 2, 2, 2, 2, 4, 0, 2, 0], [0, 2, 0, 0, 0, 2, 0, 0, 0, 2, 0], [0, 3, 2, 2, 2, 2, 2, 2, 2, 2, 0], [0, 0, 0, 0, 0, 0, 0, 0, 0, 0, 0]]"
2026-05-29T14:15:10.660711,0,East,104.0,False,False,False,"[[0, 0, 0, 0, 0, 0, 0, 0, 0, 0, 0], [0, 2, 2, 2, 2, 2, 2, 2, 2, 3, 0], [0, 2, 0, 0, 0, 2, 0, 0, 0, 2, 0], [0, 2, 0, 2, 2, 2, 2, 2, 0, 2, 0], [0, 2, 2, 2, 0, 2, 0, 2, 2, 2, 0], [0, 0, 0, 2, 0, 2, 0, 2, 0, 0, 0], [0, 2, 2, 2, 2, 2, 2, 2, 2, 2, 0], [0, 2, 0, 2, 0, 0, 0, 2, 0, 2, 0], [0, 1, 0, 2, 0, 1, 0, 2, 0, 2, 0], [0, 1, 0, 2, 0, 1, 1, 2, 0, 2, 0], [0, 1, 0, 2, 0, 1, 1, 2, 0, 2, 0], [0, 1, 0, 2, 0, 1, 0, 2, 0, 2, 0], [0, 4, 0, 2, 0, 0, 0, 2, 0, 2, 0], [0, 1, 1, 1, 2, 2, 2, 2, 2, 2, 0], [0, 0, 0, 1, 0, 2, 0, 2, 0, 0, 0], [0, 1, 1, 1, 0, 2, 0, 2, 2, 2, 0], [0, 1, 0, 2, 2, 2, 4, 2, 0, 2, 0], [0, 5, 0, 0, 0, 2, 0, 0, 0, 2, 0], [0, 3, 2, 2, 2, 2, 2, 2, 2, 2, 0], [0, 0, 0, 0, 0, 0, 0, 0, 0, 0, 0]]"
2026-05-29T14:15:10.785834,0,North,103.0,False,False,False,"[[0, 0, 0, 0, 0, 0, 0, 0, 0, 0, 0], [0, 2, 2, 2, 2, 2, 2, 2, 2, 3, 0], [0, 2, 0, 0, 0, 2, 0, 0, 0, 2, 0], [0, 2, 0, 2, 2, 2, 2, 2, 0, 2, 0], [0, 2, 2, 2, 0, 2, 0, 2, 2, 2, 0], [0, 0, 0, 2, 0, 2, 0, 2, 0, 0, 0], [0, 2, 2, 2, 2, 2, 2, 2, 2, 2, 0], [0, 2, 0, 2, 0, 0, 0, 2, 0, 2, 0], [0, 1, 0, 2, 0, 1, 0, 2, 0, 2, 0], [0, 1, 0, 2, 0, 1, 1, 2, 0, 2, 0], [0, 1, 0, 2, 0, 1, 1, 2, 0, 2, 0], [0, 4, 0, 2, 0, 1, 0, 2, 0, 2, 0], [0, 1, 0, 2, 0, 0, 0, 2, 0, 2, 0], [0, 1, 1, 1, 2, 2, 2, 2, 2, 2, 0], [0, 0, 0, 1, 0, 2, 0, 2, 0, 0, 0], [0, 1, 1, 1, 0, 2, 0, 2, 2, 2, 0], [0, 1, 0, 2, 2, 4, 2, 2, 0, 2, 0], [0, 1, 0, 0, 0, 2, 0, 0, 0, 2, 0], [0, 5, 2, 2, 2, 2, 2, 2, 2, 2, 0], [0, 0, 0, 0, 0, 0, 0, 0, 0, 0, 0]]"
2026-05-29T14:15:10.909001,0,North,112.0,False,False,False,"[[0, 0, 0, 0, 0, 0, 0, 0, 0, 0, 0], [0, 2, 2, 2, 2, 2, 2, 2, 2, 3, 0], [0, 2, 0, 0, 0, 2, 0, 0, 0, 2, 0], [0, 2, 0, 2, 2, 2, 2, 2, 0, 2, 0], [0, 2, 2, 2, 0, 2, 0, 2, 2, 2, 0], [0, 0, 0, 2, 0, 2, 0, 2, 0, 0, 0], [0, 2, 2, 2, 2, 2, 2, 2, 2, 2, 0], [0, 2, 0, 2, 0, 0, 0, 2, 0, 2, 0], [0, 1, 0, 2, 0, 1, 0, 2, 0, 2, 0], [0, 1, 0, 2, 0, 1, 1, 2, 0, 2, 0], [0, 1, 0, 2, 0, 1, 1, 2, 0, 2, 0], [0, 4, 0, 2, 0, 1, 0, 2, 0, 2, 0], [0, 1, 0, 2, 0, 0, 0, 2, 0, 2, 0], [0, 1, 1, 1, 2, 2, 2, 2, 2, 2, 0], [0, 0, 0, 1, 0, 2, 0, 2, 0, 0, 0], [0, 1, 1, 1, 0, 2, 0, 2, 2, 2, 0], [0, 1, 0, 2, 2, 4, 2, 2, 0, 2, 0], [0, 1, 0, 0, 0, 2, 0, 0, 0, 2, 0], [0, 1, 5, 2, 2, 2, 2, 2, 2, 2, 0], [0, 0, 0, 0, 0, 0, 0, 0, 0, 0, 0]]"
2026-05-29T14:15:11.033805,0,South,121.0,False,False,False,"[[0, 0, 0, 0, 0, 0, 0, 0, 0, 0, 0], [0, 2, 2, 2, 2, 2, 2, 2, 2, 3, 0], [0, 2, 0, 0, 0, 2, 0, 0, 0, 2, 0], [0, 2, 0, 2, 2, 2, 2, 2, 0, 2, 0], [0, 2, 2, 2, 0, 2, 0, 2, 2, 2, 0], [0, 0, 0, 2, 0, 2, 0, 2, 0, 0, 0], [0, 2, 2, 2, 2, 2, 2, 2, 2, 2, 0], [0, 2, 0, 2, 0, 0, 0, 2, 0, 2, 0], [0, 1, 0, 2, 0, 1, 0, 2, 0, 2, 0], [0, 1, 0, 2, 0, 1, 1, 2, 0, 2, 0], [0, 4, 0, 2, 0, 1, 1, 2, 0, 2, 0], [0, 1, 0, 2, 0, 1, 0, 2, 0, 2, 0], [0, 1, 0, 2, 0, 0, 0, 2, 0, 2, 0], [0, 1, 1, 1, 2, 2, 2, 2, 2, 2, 0], [0, 0, 0, 1, 0, 2, 0, 2, 0, 0, 0], [0, 1, 1, 1, 0, 4, 0, 2, 2, 2, 0], [0, 1, 0, 2, 2, 2, 2, 2, 0, 2, 0], [0, 1, 0, 0, 0, 2, 0, 0, 0, 2, 0], [0, 1, 1, 5, 2, 2, 2, 2, 2, 2, 0], [0, 0, 0, 0, 0, 0, 0, 0, 0, 0, 0]]"
2026-05-29T14:15:11.158264,0,North,120.0,False,False,False,"[[0, 0, 0, 0, 0, 0, 0, 0, 0, 0, 0], [0, 2, 2, 2, 2, 2, 2, 2, 2, 3, 0], [0, 2, 0, 0, 0, 2, 0, 0, 0, 2, 0], [0, 2, 0, 2, 2, 2, 2, 2, 0, 2, 0], [0, 2, 2, 2, 0, 2, 0, 2, 2, 2, 0], [0, 0, 0, 2, 0, 2, 0, 2, 0, 0, 0], [0, 2, 2, 2, 2, 2, 2, 2, 2, 2, 0], [0, 2, 0, 2, 0, 0, 0, 2, 0, 2, 0], [0, 1, 0, 2, 0, 1, 0, 2, 0, 2, 0], [0, 1, 0, 2, 0, 1, 1, 2, 0, 2, 0], [0, 4, 0, 2, 0, 1, 1, 2, 0, 2, 0], [0, 1, 0, 2, 0, 1, 0, 2, 0, 2, 0], [0, 1, 0, 2, 0, 0, 0, 2, 0, 2, 0], [0, 1, 1, 1, 2, 2, 2, 2, 2, 2, 0], [0, 0, 0, 1, 0, 2, 0, 2, 0, 0, 0], [0, 1, 1, 1, 0, 4, 0, 2, 2, 2, 0], [0, 1, 0, 2, 2, 2, 2, 2, 0, 2, 0], [0, 1, 0, 0, 0, 2, 0, 0, 0, 2, 0], [0, 1, 5, 1, 2, 2, 2, 2, 2, 2, 0], [0, 0, 0, 0, 0, 0, 0, 0, 0, 0, 0]]"
2026-05-29T14:15:11.281377,0,North,119.0,False,False,False,"[[0, 0, 0, 0, 0, 0, 0, 0, 0, 0, 0], [0, 2, 2, 2, 2, 2, 2, 2, 2, 3, 0], [0, 2, 0, 0, 0, 2, 0, 0, 0, 2, 0], [0, 2, 0, 2, 2, 2, 2, 2, 0, 2, 0], [0, 2, 2, 2, 0, 2, 0, 2, 2, 2, 0], [0, 0, 0, 2, 0, 2, 0, 2, 0, 0, 0], [0, 2, 2, 2, 2, 2, 2, 2, 2, 2, 0], [0, 2, 0, 2, 0, 0, 0, 2, 0, 2, 0], [0, 1, 0, 2, 0, 1, 0, 2, 0, 2, 0], [0, 4, 0, 2, 0, 1, 1, 2, 0, 2, 0], [0, 1, 0, 2, 0, 1, 1, 2, 0, 2, 0], [0, 1, 0, 2, 0, 1, 0, 2, 0, 2, 0], [0, 1, 0, 2, 0, 0, 0, 2, 0, 2, 0], [0, 1, 1, 1, 2, 2, 2, 2, 2, 2, 0], [0, 0, 0, 1, 0, 4, 0, 2, 0, 0, 0], [0, 1, 1, 1, 0, 2, 0, 2, 2, 2, 0], [0, 1, 0, 2, 2, 2, 2, 2, 0, 2, 0], [0, 1, 0, 0, 0, 2, 0, 0, 0, 2, 0], [0, 1, 1, 5, 2, 2, 2, 2, 2, 2, 0], [0, 0, 0, 0, 0, 0, 0, 0, 0, 0, 0]]"
2026-05-29T14:15:11.407830,0,North,128.0,False,False,False,"[[0, 0, 0, 0, 0, 0, 0, 0, 0, 0, 0], [0, 2, 2, 2, 2, 2, 2, 2, 2, 3, 0], [0, 2, 0, 0, 0, 2, 0, 0, 0, 2, 0], [0, 2, 0, 2, 2, 2, 2, 2, 0, 2, 0], [0, 2, 2, 2, 0, 2, 0, 2, 2, 2, 0], [0, 0, 0, 2, 0, 2, 0, 2, 0, 0, 0], [0, 2, 2, 2, 2, 2, 2, 2, 2, 2, 0], [0, 2, 0, 2, 0, 0, 0, 2, 0, 2, 0], [0, 1, 0, 2, 0, 1, 0, 2, 0, 2, 0], [0, 4, 0, 2, 0, 1, 1, 2, 0, 2, 0], [0, 1, 0, 2, 0, 1, 1, 2, 0, 2, 0], [0, 1, 0, 2, 0, 1, 0, 2, 0, 2, 0], [0, 1, 0, 2, 0, 0, 0, 2, 0, 2, 0], [0, 1, 1, 1, 2, 2, 2, 2, 2, 2, 0], [0, 0, 0, 1, 0, 4, 0, 2, 0, 0, 0], [0, 1, 1, 1, 0, 2, 0, 2, 2, 2, 0], [0, 1, 0, 2, 2, 2, 2, 2, 0, 2, 0], [0, 1, 0, 0, 0, 2, 0, 0, 0, 2, 0], [0, 1, 1, 1, 5, 2, 2, 2, 2, 2, 0], [0, 0, 0, 0, 0, 0, 0, 0, 0, 0, 0]]"
2026-05-29T14:15:11.535556,0,West,137.0,False,False,False,"[[0, 0, 0, 0, 0, 0, 0, 0, 0, 0, 0], [0, 2, 2, 2, 2, 2, 2, 2, 2, 3, 0], [0, 2, 0, 0, 0, 2, 0, 0, 0, 2, 0], [0, 2, 0, 2, 2, 2, 2, 2, 0, 2, 0], [0, 2, 2, 2, 0, 2, 0, 2, 2, 2, 0], [0, 0, 0, 2, 0, 2, 0, 2, 0, 0, 0], [0, 2, 2, 2, 2, 2, 2, 2, 2, 2, 0], [0, 2, 0, 2, 0, 0, 0, 2, 0, 2, 0], [0, 4, 0, 2, 0, 1, 0, 2, 0, 2, 0], [0, 1, 0, 2, 0, 1, 1, 2, 0, 2, 0], [0, 1, 0, 2, 0, 1, 1, 2, 0, 2, 0], [0, 1, 0, 2, 0, 1, 0, 2, 0, 2, 0], [0, 1, 0, 2, 0, 0, 0, 2, 0, 2, 0], [0, 1, 1, 1, 2, 4, 2, 2, 2, 2, 0], [0, 0, 0, 1, 0, 2, 0, 2, 0, 0, 0], [0, 1, 1, 1, 0, 2, 0, 2, 2, 2, 0], [0, 1, 0, 2, 2, 2, 2, 2, 0, 2, 0], [0, 1, 0, 0, 0, 2, 0, 0, 0, 2, 0], [0, 1, 1, 1, 1, 5, 2, 2, 2, 2, 0], [0, 0, 0, 0, 0, 0, 0, 0, 0, 0, 0]]"
2026-05-29T14:15:11.662281,0,West,146.0,False,False,False,"[[0, 0, 0, 0, 0, 0, 0, 0, 0, 0, 0], [0, 2, 2, 2, 2, 2, 2, 2, 2, 3, 0], [0, 2, 0, 0, 0, 2, 0, 0, 0, 2, 0], [0, 2, 0, 2, 2, 2, 2, 2, 0, 2, 0], [0, 2, 2, 2, 0, 2, 0, 2, 2, 2, 0], [0, 0, 0, 2, 0, 2, 0, 2, 0, 0, 0], [0, 2, 2, 2, 2, 2, 2, 2, 2, 2, 0], [0, 2, 0, 2, 0, 0, 0, 2, 0, 2, 0], [0, 4, 0, 2, 0, 1, 0, 2, 0, 2, 0], [0, 1, 0, 2, 0, 1, 1, 2, 0, 2, 0], [0, 1, 0, 2, 0, 1, 1, 2, 0, 2, 0], [0, 1, 0, 2, 0, 1, 0, 2, 0, 2, 0], [0, 1, 0, 2, 0, 0, 0, 2, 0, 2, 0], [0, 1, 1, 1, 2, 4, 2, 2, 2, 2, 0], [0, 0, 0, 1, 0, 2, 0, 2, 0, 0, 0], [0, 1, 1, 1, 0, 2, 0, 2, 2, 2, 0], [0, 1, 0, 2, 2, 2, 2, 2, 0, 2, 0], [0, 1, 0, 0, 0, 5, 0, 0, 0, 2, 0], [0, 1, 1, 1, 1, 1, 2, 2, 2, 2, 0], [0, 0, 0, 0, 0, 0, 0, 0, 0, 0, 0]]"
2026-05-29T14:15:11.789963,0,North,155.0,False,False,False,"[[0, 0, 0, 0, 0, 0, 0, 0, 0, 0, 0], [0, 2, 2, 2, 2, 2, 2, 2, 2, 3, 0], [0, 2, 0, 0, 0, 2, 0, 0, 0, 2, 0], [0, 2, 0, 2, 2, 2, 2, 2, 0, 2, 0], [0, 2, 2, 2, 0, 2, 0, 2, 2, 2, 0], [0, 0, 0, 2, 0, 2, 0, 2, 0, 0, 0], [0, 2, 2, 2, 2, 2, 2, 2, 2, 2, 0], [0, 4, 0, 2, 0, 0, 0, 2, 0, 2, 0], [0, 1, 0, 2, 0, 1, 0, 2, 0, 2, 0], [0, 1, 0, 2, 0, 1, 1, 2, 0, 2, 0], [0, 1, 0, 2, 0, 1, 1, 2, 0, 2, 0], [0, 1, 0, 2, 0, 1, 0, 2, 0, 2, 0], [0, 1, 0, 2, 0, 0, 0, 2, 0, 2, 0], [0, 1, 1, 1, 2, 4, 2, 2, 2, 2, 0], [0, 0, 0, 1, 0, 2, 0, 2, 0, 0, 0], [0, 1, 1, 1, 0, 2, 0, 2, 2, 2, 0], [0, 1, 0, 2, 2, 5, 2, 2, 0, 2, 0], [0, 1, 0, 0, 0, 1, 0, 0, 0, 2, 0], [0, 1, 1, 1, 1, 1, 2, 2, 2, 2, 0], [0, 0, 0, 0, 0, 0, 0, 0, 0, 0, 0]]"
2026-05-29T14:15:11.916833,0,North,164.0,False,False,False,"[[0, 0, 0, 0, 0, 0, 0, 0, 0, 0, 0], [0, 2, 2, 2, 2, 2, 2, 2, 2, 3, 0], [0, 2, 0, 0, 0, 2, 0, 0, 0, 2, 0], [0, 2, 0, 2, 2, 2, 2, 2, 0, 2, 0], [0, 2, 2, 2, 0, 2, 0, 2, 2, 2, 0], [0, 0, 0, 2, 0, 2, 0, 2, 0, 0, 0], [0, 2, 2, 2, 2, 2, 2, 2, 2, 2, 0], [0, 4, 0, 2, 0, 0, 0, 2, 0, 2, 0], [0, 1, 0, 2, 0, 1, 0, 2, 0, 2, 0], [0, 1, 0, 2, 0, 1, 1, 2, 0, 2, 0], [0, 1, 0, 2, 0, 1, 1, 2, 0, 2, 0], [0, 1, 0, 2, 0, 1, 0, 2, 0, 2, 0], [0, 1, 0, 2, 0, 0, 0, 2, 0, 2, 0], [0, 1, 1, 1, 2, 2, 4, 2, 2, 2, 0], [0, 0, 0, 1, 0, 2, 0, 2, 0, 0, 0], [0, 1, 1, 1, 0, 2, 0, 2, 2, 2, 0], [0, 1, 0, 2, 2, 1, 5, 2, 0, 2, 0], [0, 1, 0, 0, 0, 1, 0, 0, 0, 2, 0], [0, 1, 1, 1, 1, 1, 2, 2, 2, 2, 0], [0, 0, 0, 0, 0, 0, 0, 0, 0, 0, 0]]"
2026-05-29T14:15:12.042534,0,West,173.0,False,False,False,"[[0, 0, 0, 0, 0, 0, 0, 0, 0, 0, 0], [0, 2, 2, 2, 2, 2, 2, 2, 2, 3, 0], [0, 2, 0, 0, 0, 2, 0, 0, 0, 2, 0], [0, 2, 0, 2, 2, 2, 2, 2, 0, 2, 0], [0, 2, 2, 2, 0, 2, 0, 2, 2, 2, 0], [0, 0, 0, 2, 0, 2, 0, 2, 0, 0, 0], [0, 4, 2, 2, 2, 2, 2, 2, 2, 2, 0], [0, 2, 0, 2, 0, 0, 0, 2, 0, 2, 0], [0, 1, 0, 2, 0, 1, 0, 2, 0, 2, 0], [0, 1, 0, 2, 0, 1, 1, 2, 0, 2, 0], [0, 1, 0, 2, 0, 1, 1, 2, 0, 2, 0], [0, 1, 0, 2, 0, 1, 0, 2, 0, 2, 0], [0, 1, 0, 2, 0, 0, 0, 2, 0, 2, 0], [0, 1, 1, 1, 2, 2, 4, 2, 2, 2, 0], [0, 0, 0, 1, 0, 2, 0, 2, 0, 0, 0], [0, 1, 1, 1, 0, 2, 0, 2, 2, 2, 0], [0, 1, 0, 2, 2, 1, 1, 5, 0, 2, 0], [0, 1, 0, 0, 0, 1, 0, 0, 0, 2, 0], [0, 1, 1, 1, 1, 1, 2, 2, 2, 2, 0], [0, 0, 0, 0, 0, 0, 0, 0, 0, 0, 0]]"
2026-05-29T14:15:12.165072,0,North,182.0,False,False,False,"[[0, 0, 0, 0, 0, 0, 0, 0, 0, 0, 0], [0, 2, 2, 2, 2, 2, 2, 2, 2, 3, 0], [0, 2, 0, 0, 0, 2, 0, 0, 0, 2, 0], [0, 2, 0, 2, 2, 2, 2, 2, 0, 2, 0], [0, 2, 2, 2, 0, 2, 0, 2, 2, 2, 0], [0, 0, 0, 2, 0, 2, 0, 2, 0, 0, 0], [0, 4, 2, 2, 2, 2, 2, 2, 2, 2, 0], [0, 2, 0, 2, 0, 0, 0, 2, 0, 2, 0], [0, 1, 0, 2, 0, 1, 0, 2, 0, 2, 0], [0, 1, 0, 2, 0, 1, 1, 2, 0, 2, 0], [0, 1, 0, 2, 0, 1, 1, 2, 0, 2, 0], [0, 1, 0, 2, 0, 1, 0, 2, 0, 2, 0], [0, 1, 0, 2, 0, 0, 0, 2, 0, 2, 0], [0, 1, 1, 1, 2, 2, 2, 4, 2, 2, 0], [0, 0, 0, 1, 0, 2, 0, 2, 0, 0, 0], [0, 1, 1, 1, 0, 2, 0, 5, 2, 2, 0], [0, 1, 0, 2, 2, 1, 1, 1, 0, 2, 0], [0, 1, 0, 0, 0, 1, 0, 0, 0, 2, 0], [0, 1, 1, 1, 1, 1, 2, 2, 2, 2, 0], [0, 0, 0, 0, 0, 0, 0, 0, 0, 0, 0]]"
2026-05-29T14:15:12.289451,0,North,191.0,False,False,False,"[[0, 0, 0, 0, 0, 0, 0, 0, 0, 0, 0], [0, 2, 2, 2, 2, 2, 2, 2, 2, 3, 0], [0, 2, 0, 0, 0, 2, 0, 0, 0, 2, 0], [0, 2, 0, 2, 2, 2, 2, 2, 0, 2, 0], [0, 2, 2, 2, 0, 2, 0, 2, 2, 2, 0], [0, 0, 0, 2, 0, 2, 0, 2, 0, 0, 0], [0, 4, 2, 2, 2, 2, 2, 2, 2, 2, 0], [0, 2, 0, 2, 0, 0, 0, 2, 0, 2, 0], [0, 1, 0, 2, 0, 1, 0, 2, 0, 2, 0], [0, 1, 0, 2, 0, 1, 1, 2, 0, 2, 0], [0, 1, 0, 2, 0, 1, 1, 2, 0, 2, 0], [0, 1, 0, 2, 0, 1, 0, 2, 0, 2, 0], [0, 1, 0, 2, 0, 0, 0, 4, 0, 2, 0], [0, 1, 1, 1, 2, 2, 2, 2, 2, 2, 0], [0, 0, 0, 1, 0, 2, 0, 2, 0, 0, 0], [0, 1, 1, 1, 0, 2, 0, 1, 5, 2, 0], [0, 1, 0, 2, 2, 1, 1, 1, 0, 2, 0], [0, 1, 0, 0, 0, 1, 0, 0, 0, 2, 0], [0, 1, 1, 1, 1, 1, 2, 2, 2, 2, 0], [0, 0, 0, 0, 0, 0, 0, 0, 0, 0, 0]]"
2026-05-29T14:15:12.416986,0,South,200.0,False,False,False,"[[0, 0, 0, 0, 0, 0, 0, 0, 0, 0, 0], [0, 2, 2, 2, 2, 2, 2, 2, 2, 3, 0], [0, 2, 0, 0, 0, 2, 0, 0, 0, 2, 0], [0, 2, 0, 2, 2, 2, 2, 2, 0, 2, 0], [0, 2, 2, 2, 0, 2, 0, 2, 2, 2, 0], [0, 0, 0, 2, 0, 2, 0, 2, 0, 0, 0], [0, 2, 4, 2, 2, 2, 2, 2, 2, 2, 0], [0, 2, 0, 2, 0, 0, 0, 2, 0, 2, 0], [0, 1, 0, 2, 0, 1, 0, 2, 0, 2, 0], [0, 1, 0, 2, 0, 1, 1, 2, 0, 2, 0], [0, 1, 0, 2, 0, 1, 1, 2, 0, 2, 0], [0, 1, 0, 2, 0, 1, 0, 2, 0, 2, 0], [0, 1, 0, 2, 0, 0, 0, 4, 0, 2, 0], [0, 1, 1, 1, 2, 2, 2, 2, 2, 2, 0], [0, 0, 0, 1, 0, 2, 0, 2, 0, 0, 0], [0, 1, 1, 1, 0, 2, 0, 1, 1, 5, 0], [0, 1, 0, 2, 2, 1, 1, 1, 0, 2, 0], [0, 1, 0, 0, 0, 1, 0, 0, 0, 2, 0], [0, 1, 1, 1, 1, 1, 2, 2, 2, 2, 0], [0, 0, 0, 0, 0, 0, 0, 0, 0, 0, 0]]"
2026-05-29T14:15:12.546965,0,North,199.0,False,False,False,"[[0, 0, 0, 0, 0, 0, 0, 0, 0, 0, 0], [0, 2, 2, 2, 2, 2, 2, 2, 2, 3, 0], [0, 2, 0, 0, 0, 2, 0, 0, 0, 2, 0], [0, 2, 0, 2, 2, 2, 2, 2, 0, 2, 0], [0, 2, 2, 2, 0, 2, 0, 2, 2, 2, 0], [0, 0, 0, 2, 0, 2, 0, 2, 0, 0, 0], [0, 2, 4, 2, 2, 2, 2, 2, 2, 2, 0], [0, 2, 0, 2, 0, 0, 0, 2, 0, 2, 0], [0, 1, 0, 2, 0, 1, 0, 2, 0, 2, 0], [0, 1, 0, 2, 0, 1, 1, 2, 0, 2, 0], [0, 1, 0, 2, 0, 1, 1, 2, 0, 2, 0], [0, 1, 0, 2, 0, 1, 0, 4, 0, 2, 0], [0, 1, 0, 2, 0, 0, 0, 2, 0, 2, 0], [0, 1, 1, 1, 2, 2, 2, 2, 2, 2, 0], [0, 0, 0, 1, 0, 2, 0, 2, 0, 0, 0], [0, 1, 1, 1, 0, 2, 0, 1, 5, 1, 0], [0, 1, 0, 2, 2, 1, 1, 1, 0, 2, 0], [0, 1, 0, 0, 0, 1, 0, 0, 0, 2, 0], [0, 1, 1, 1, 1, 1, 2, 2, 2, 2, 0], [0, 0, 0, 0, 0, 0, 0, 0, 0, 0, 0]]"
2026-05-29T14:15:12.672427,0,East,198.0,False,False,False,"[[0, 0, 0, 0, 0, 0, 0, 0, 0, 0, 0], [0, 2, 2, 2, 2, 2, 2, 2, 2, 3, 0], [0, 2, 0, 0, 0, 2, 0, 0, 0, 2, 0], [0, 2, 0, 2, 2, 2, 2, 2, 0, 2, 0], [0, 2, 2, 2, 0, 2, 0, 2, 2, 2, 0], [0, 0, 0, 2, 0, 2, 0, 2, 0, 0, 0], [0, 2, 2, 4, 2, 2, 2, 2, 2, 2, 0], [0, 2, 0, 2, 0, 0, 0, 2, 0, 2, 0], [0, 1, 0, 2, 0, 1, 0, 2, 0, 2, 0], [0, 1, 0, 2, 0, 1, 1, 2, 0, 2, 0], [0, 1, 0, 2, 0, 1, 1, 2, 0, 2, 0], [0, 1, 0, 2, 0, 1, 0, 4, 0, 2, 0], [0, 1, 0, 2, 0, 0, 0, 2, 0, 2, 0], [0, 1, 1, 1, 2, 2, 2, 2, 2, 2, 0], [0, 0, 0, 1, 0, 2, 0, 2, 0, 0, 0], [0, 1, 1, 1, 0, 2, 0, 1, 1, 5, 0], [0, 1, 0, 2, 2, 1, 1, 1, 0, 2, 0], [0, 1, 0, 0, 0, 1, 0, 0, 0, 2, 0], [0, 1, 1, 1, 1, 1, 2, 2, 2, 2, 0], [0, 0, 0, 0, 0, 0, 0, 0, 0, 0, 0]]"
2026-05-29T14:15:12.797568,0,East,207.0,False,False,False,"[[0, 0, 0, 0, 0, 0, 0, 0, 0, 0, 0], [0, 2, 2, 2, 2, 2, 2, 2, 2, 3, 0], [0, 2, 0, 0, 0, 2, 0, 0, 0, 2, 0], [0, 2, 0, 2, 2, 2, 2, 2, 0, 2, 0], [0, 2, 2, 2, 0, 2, 0, 2, 2, 2, 0], [0, 0, 0, 4, 0, 2, 0, 2, 0, 0, 0], [0, 2, 2, 2, 2, 2, 2, 2, 2, 2, 0], [0, 2, 0, 2, 0, 0, 0, 2, 0, 2, 0], [0, 1, 0, 2, 0, 1, 0, 2, 0, 2, 0], [0, 1, 0, 2, 0, 1, 1, 2, 0, 2, 0], [0, 1, 0, 2, 0, 1, 1, 4, 0, 2, 0], [0, 1, 0, 2, 0, 1, 0, 2, 0, 2, 0], [0, 1, 0, 2, 0, 0, 0, 2, 0, 2, 0], [0, 1, 1, 1, 2, 2, 2, 2, 2, 2, 0], [0, 0, 0, 1, 0, 2, 0, 2, 0, 0, 0], [0, 1, 1, 1, 0, 2, 0, 1, 1, 1, 0], [0, 1, 0, 2, 2, 1, 1, 1, 0, 5, 0], [0, 1, 0, 0, 0, 1, 0, 0, 0, 2, 0], [0, 1, 1, 1, 1, 1, 2, 2, 2, 2, 0], [0, 0, 0, 0, 0, 0, 0, 0, 0, 0, 0]]"
2026-05-29T14:15:12.919598,0,East,216.0,False,False,False,"[[0, 0, 0, 0, 0, 0, 0, 0, 0, 0, 0], [0, 2, 2, 2, 2, 2, 2, 2, 2, 3, 0], [0, 2, 0, 0, 0, 2, 0, 0, 0, 2, 0], [0, 2, 0, 2, 2, 2, 2, 2, 0, 2, 0], [0, 2, 2, 2, 0, 2, 0, 2, 2, 2, 0], [0, 0, 0, 4, 0, 2, 0, 2, 0, 0, 0], [0, 2, 2, 2, 2, 2, 2, 2, 2, 2, 0], [0, 2, 0, 2, 0, 0, 0, 2, 0, 2, 0], [0, 1, 0, 2, 0, 1, 0, 2, 0, 2, 0], [0, 1, 0, 2, 0, 1, 1, 2, 0, 2, 0], [0, 1, 0, 2, 0, 1, 1, 4, 0, 2, 0], [0, 1, 0, 2, 0, 1, 0, 2, 0, 2, 0], [0, 1, 0, 2, 0, 0, 0, 2, 0, 2, 0], [0, 1, 1, 1, 2, 2, 2, 2, 2, 2, 0], [0, 0, 0, 1, 0, 2, 0, 2, 0, 0, 0], [0, 1, 1, 1, 0, 2, 0, 1, 1, 1, 0], [0, 1, 0, 2, 2, 1, 1, 1, 0, 1, 0], [0, 1, 0, 0, 0, 1, 0, 0, 0, 5, 0], [0, 1, 1, 1, 1, 1, 2, 2, 2, 2, 0], [0, 0, 0, 0, 0, 0, 0, 0, 0, 0, 0]]"
2026-05-29T14:15:13.046805,0,South,225.0,False,False,False,"[[0, 0, 0, 0, 0, 0, 0, 0, 0, 0, 0], [0, 2, 2, 2, 2, 2, 2, 2, 2, 3, 0], [0, 2, 0, 0, 0, 2, 0, 0, 0, 2, 0], [0, 2, 0, 2, 2, 2, 2, 2, 0, 2, 0], [0, 2, 2, 4, 0, 2, 0, 2, 2, 2, 0], [0, 0, 0, 2, 0, 2, 0, 2, 0, 0, 0], [0, 2, 2, 2, 2, 2, 2, 2, 2, 2, 0], [0, 2, 0, 2, 0, 0, 0, 2, 0, 2, 0], [0, 1, 0, 2, 0, 1, 0, 2, 0, 2, 0], [0, 1, 0, 2, 0, 1, 1, 2, 0, 2, 0], [0, 1, 0, 2, 0, 1, 4, 2, 0, 2, 0], [0, 1, 0, 2, 0, 1, 0, 2, 0, 2, 0], [0, 1, 0, 2, 0, 0, 0, 2, 0, 2, 0], [0, 1, 1, 1, 2, 2, 2, 2, 2, 2, 0], [0, 0, 0, 1, 0, 2, 0, 2, 0, 0, 0], [0, 1, 1, 1, 0, 2, 0, 1, 1, 1, 0], [0, 1, 0, 2, 2, 1, 1, 1, 0, 1, 0], [0, 1, 0, 0, 0, 1, 0, 0, 0, 1, 0], [0, 1, 1, 1, 1, 1, 2, 2, 2, 5, 0], [0, 0, 0, 0, 0, 0, 0, 0, 0, 0, 0]]"
2026-05-29T14:15:13.174788,0,South,234.0,False,False,False,"[[0, 0, 0, 0, 0, 0, 0, 0, 0, 0, 0], [0, 2, 2, 2, 2, 2, 2, 2, 2, 3, 0], [0, 2, 0, 0, 0, 2, 0, 0, 0, 2, 0], [0, 2, 0, 2, 2, 2, 2, 2, 0, 2, 0], [0, 2, 2, 4, 0, 2, 0, 2, 2, 2, 0], [0, 0, 0, 2, 0, 2, 0, 2, 0, 0, 0], [0, 2, 2, 2, 2, 2, 2, 2, 2, 2, 0], [0, 2, 0, 2, 0, 0, 0, 2, 0, 2, 0], [0, 1, 0, 2, 0, 1, 0, 2, 0, 2, 0], [0, 1, 0, 2, 0, 1, 1, 2, 0, 2, 0], [0, 1, 0, 2, 0, 1, 4, 2, 0, 2, 0], [0, 1, 0, 2, 0, 1, 0, 2, 0, 2, 0], [0, 1, 0, 2, 0, 0, 0, 2, 0, 2, 0], [0, 1, 1, 1, 2, 2, 2, 2, 2, 2, 0], [0, 0, 0, 1, 0, 2, 0, 2, 0, 0, 0], [0, 1, 1, 1, 0, 2, 0, 1, 1, 1, 0], [0, 1, 0, 2, 2, 1, 1, 1, 0, 1, 0], [0, 1, 0, 0, 0, 1, 0, 0, 0, 1, 0], [0, 1, 1, 1, 1, 1, 2, 2, 5, 1, 0], [0, 0, 0, 0, 0, 0, 0, 0, 0, 0, 0]]"
2026-05-29T14:15:13.301739,0,South,243.0,False,False,False,"[[0, 0, 0, 0, 0, 0, 0, 0, 0, 0, 0], [0, 2, 2, 2, 2, 2, 2, 2, 2, 3, 0], [0, 2, 0, 0, 0, 2, 0, 0, 0, 2, 0], [0, 2, 0, 4, 2, 2, 2, 2, 0, 2, 0], [0, 2, 2, 2, 0, 2, 0, 2, 2, 2, 0], [0, 0, 0, 2, 0, 2, 0, 2, 0, 0, 0], [0, 2, 2, 2, 2, 2, 2, 2, 2, 2, 0], [0, 2, 0, 2, 0, 0, 0, 2, 0, 2, 0], [0, 1, 0, 2, 0, 1, 0, 2, 0, 2, 0], [0, 1, 0, 2, 0, 1, 1, 2, 0, 2, 0], [0, 1, 0, 2, 0, 4, 1, 2, 0, 2, 0], [0, 1, 0, 2, 0, 1, 0, 2, 0, 2, 0], [0, 1, 0, 2, 0, 0, 0, 2, 0, 2, 0], [0, 1, 1, 1, 2, 2, 2, 2, 2, 2, 0], [0, 0, 0, 1, 0, 2, 0, 2, 0, 0, 0], [0, 1, 1, 1, 0, 2, 0, 1, 1, 1, 0], [0, 1, 0, 2, 2, 1, 1, 1, 0, 1, 0], [0, 1, 0, 0, 0, 1, 0, 0, 0, 1, 0], [0, 1, 1, 1, 1, 1, 2, 5, 1, 1, 0], [0, 0, 0, 0, 0, 0, 0, 0, 0, 0, 0]]"
2026-05-29T14:15:13.428765,0,South,252.0,False,False,False,"[[0, 0, 0, 0, 0, 0, 0, 0, 0, 0, 0], [0, 2, 2, 2, 2, 2, 2, 2, 2, 3, 0], [0, 2, 0, 0, 0, 2, 0, 0, 0, 2, 0], [0, 2, 0, 4, 2, 2, 2, 2, 0, 2, 0], [0, 2, 2, 2, 0, 2, 0, 2, 2, 2, 0], [0, 0, 0, 2, 0, 2, 0, 2, 0, 0, 0], [0, 2, 2, 2, 2, 2, 2, 2, 2, 2, 0], [0, 2, 0, 2, 0, 0, 0, 2, 0, 2, 0], [0, 1, 0, 2, 0, 1, 0, 2, 0, 2, 0], [0, 1, 0, 2, 0, 1, 1, 2, 0, 2, 0], [0, 1, 0, 2, 0, 4, 1, 2, 0, 2, 0], [0, 1, 0, 2, 0, 1, 0, 2, 0, 2, 0], [0, 1, 0, 2, 0, 0, 0, 2, 0, 2, 0], [0, 1, 1, 1, 2, 2, 2, 2, 2, 2, 0], [0, 0, 0, 1, 0, 2, 0, 2, 0, 0, 0], [0, 1, 1, 1, 0, 2, 0, 1, 1, 1, 0], [0, 1, 0, 2, 2, 1, 1, 1, 0, 1, 0], [0, 1, 0, 0, 0, 1, 0, 0, 0, 1, 0], [0, 1, 1, 1, 1, 1, 5, 1, 1, 1, 0], [0, 0, 0, 0, 0, 0, 0, 0, 0, 0, 0]]"
2026-05-29T14:15:13.555340,0,South,251.0,False,False,False,"[[0, 0, 0, 0, 0, 0, 0, 0, 0, 0, 0], [0, 2, 2, 2, 2, 2, 2, 2, 2, 3, 0], [0, 2, 0, 0, 0, 2, 0, 0, 0, 2, 0], [0, 2, 0, 4, 2, 2, 2, 2, 0, 2, 0], [0, 2, 2, 2, 0, 2, 0, 2, 2, 2, 0], [0, 0, 0, 2, 0, 2, 0, 2, 0, 0, 0], [0, 2, 2, 2, 2, 2, 2, 2, 2, 2, 0], [0, 2, 0, 2, 0, 0, 0, 2, 0, 2, 0], [0, 1, 0, 2, 0, 1, 0, 2, 0, 2, 0], [0, 1, 0, 2, 0, 4, 1, 2, 0, 2, 0], [0, 1, 0, 2, 0, 1, 1, 2, 0, 2, 0], [0, 1, 0, 2, 0, 1, 0, 2, 0, 2, 0], [0, 1, 0, 2, 0, 0, 0, 2, 0, 2, 0], [0, 1, 1, 1, 2, 2, 2, 2, 2, 2, 0], [0, 0, 0, 1, 0, 2, 0, 2, 0, 0, 0], [0, 1, 1, 1, 0, 2, 0, 1, 1, 1, 0], [0, 1, 0, 2, 2, 1, 1, 1, 0, 1, 0], [0, 1, 0, 0, 0, 1, 0, 0, 0, 1, 0], [0, 1, 1, 1, 1, 5, 1, 1, 1, 1, 0], [0, 0, 0, 0, 0, 0, 0, 0, 0, 0, 0]]"
2026-05-29T14:15:13.679352,0,South,250.0,False,False,False,"[[0, 0, 0, 0, 0, 0, 0, 0, 0, 0, 0], [0, 2, 2, 2, 2, 2, 2, 2, 2, 3, 0], [0, 2, 0, 0, 0, 2, 0, 0, 0, 2, 0], [0, 2, 0, 2, 4, 2, 2, 2, 0, 2, 0], [0, 2, 2, 2, 0, 2, 0, 2, 2, 2, 0], [0, 0, 0, 2, 0, 2, 0, 2, 0, 0, 0], [0, 2, 2, 2, 2, 2, 2, 2, 2, 2, 0], [0, 2, 0, 2, 0, 0, 0, 2, 0, 2, 0], [0, 1, 0, 2, 0, 1, 0, 2, 0, 2, 0], [0, 1, 0, 2, 0, 4, 1, 2, 0, 2, 0], [0, 1, 0, 2, 0, 1, 1, 2, 0, 2, 0], [0, 1, 0, 2, 0, 1, 0, 2, 0, 2, 0], [0, 1, 0, 2, 0, 0, 0, 2, 0, 2, 0], [0, 1, 1, 1, 2, 2, 2, 2, 2, 2, 0], [0, 0, 0, 1, 0, 2, 0, 2, 0, 0, 0], [0, 1, 1, 1, 0, 2, 0, 1, 1, 1, 0], [0, 1, 0, 2, 2, 1, 1, 1, 0, 1, 0], [0, 1, 0, 0, 0, 1, 0, 0, 0, 1, 0], [0, 1, 1, 1, 5, 1, 1, 1, 1, 1, 0], [0, 0, 0, 0, 0, 0, 0, 0, 0, 0, 0]]"
2026-05-29T14:15:13.805429,0,South,249.0,False,False,False,"[[0, 0, 0, 0, 0, 0, 0, 0, 0, 0, 0], [0, 2, 2, 2, 2, 2, 2, 2, 2, 3, 0], [0, 2, 0, 0, 0, 2, 0, 0, 0, 2, 0], [0, 2, 0, 2, 4, 2, 2, 2, 0, 2, 0], [0, 2, 2, 2, 0, 2, 0, 2, 2, 2, 0], [0, 0, 0, 2, 0, 2, 0, 2, 0, 0, 0], [0, 2, 2, 2, 2, 2, 2, 2, 2, 2, 0], [0, 2, 0, 2, 0, 0, 0, 2, 0, 2, 0], [0, 1, 0, 2, 0, 4, 0, 2, 0, 2, 0], [0, 1, 0, 2, 0, 1, 1, 2, 0, 2, 0], [0, 1, 0, 2, 0, 1, 1, 2, 0, 2, 0], [0, 1, 0, 2, 0, 1, 0, 2, 0, 2, 0], [0, 1, 0, 2, 0, 0, 0, 2, 0, 2, 0], [0, 1, 1, 1, 2, 2, 2, 2, 2, 2, 0], [0, 0, 0, 1, 0, 2, 0, 2, 0, 0, 0], [0, 1, 1, 1, 0, 2, 0, 1, 1, 1, 0], [0, 1, 0, 2, 2, 1, 1, 1, 0, 1, 0], [0, 1, 0, 0, 0, 1, 0, 0, 0, 1, 0], [0, 1, 1, 5, 1, 1, 1, 1, 1, 1, 0], [0, 0, 0, 0, 0, 0, 0, 0, 0, 0, 0]]"
2026-05-29T14:15:13.927075,0,South,248.0,False,False,False,"[[0, 0, 0, 0, 0, 0, 0, 0, 0, 0, 0], [0, 2, 2, 2, 2, 2, 2, 2, 2, 3, 0], [0, 2, 0, 0, 0, 2, 0, 0, 0, 2, 0], [0, 2, 0, 2, 2, 4, 2, 2, 0, 2, 0], [0, 2, 2, 2, 0, 2, 0, 2, 2, 2, 0], [0, 0, 0, 2, 0, 2, 0, 2, 0, 0, 0], [0, 2, 2, 2, 2, 2, 2, 2, 2, 2, 0], [0, 2, 0, 2, 0, 0, 0, 2, 0, 2, 0], [0, 1, 0, 2, 0, 4, 0, 2, 0, 2, 0], [0, 1, 0, 2, 0, 1, 1, 2, 0, 2, 0], [0, 1, 0, 2, 0, 1, 1, 2, 0, 2, 0], [0, 1, 0, 2, 0, 1, 0, 2, 0, 2, 0], [0, 1, 0, 2, 0, 0, 0, 2, 0, 2, 0], [0, 1, 1, 1, 2, 2, 2, 2, 2, 2, 0], [0, 0, 0, 1, 0, 2, 0, 2, 0, 0, 0], [0, 1, 1, 1, 0, 2, 0, 1, 1, 1, 0], [0, 1, 0, 2, 2, 1, 1, 1, 0, 1, 0], [0, 1, 0, 0, 0, 1, 0, 0, 0, 1, 0], [0, 1, 5, 1, 1, 1, 1, 1, 1, 1, 0], [0, 0, 0, 0, 0, 0, 0, 0, 0, 0, 0]]"
2026-05-29T14:15:14.062405,0,West,247.0,False,False,False,"[[0, 0, 0, 0, 0, 0, 0, 0, 0, 0, 0], [0, 2, 2, 2, 2, 2, 2, 2, 2, 3, 0], [0, 2, 0, 0, 0, 2, 0, 0, 0, 2, 0], [0, 2, 0, 2, 2, 4, 2, 2, 0, 2, 0], [0, 2, 2, 2, 0, 2, 0, 2, 2, 2, 0], [0, 0, 0, 2, 0, 2, 0, 2, 0, 0, 0], [0, 2, 2, 2, 2, 2, 2, 2, 2, 2, 0], [0, 2, 0, 2, 0, 0, 0, 2, 0, 2, 0], [0, 1, 0, 2, 0, 4, 0, 2, 0, 2, 0], [0, 1, 0, 2, 0, 1, 1, 2, 0, 2, 0], [0, 1, 0, 2, 0, 1, 1, 2, 0, 2, 0], [0, 1, 0, 2, 0, 1, 0, 2, 0, 2, 0], [0, 1, 0, 2, 0, 0, 0, 2, 0, 2, 0], [0, 1, 1, 1, 2, 2, 2, 2, 2, 2, 0], [0, 0, 0, 1, 0, 2, 0, 2, 0, 0, 0], [0, 1, 1, 1, 0, 2, 0, 1, 1, 1, 0], [0, 1, 0, 2, 2, 1, 1, 1, 0, 1, 0], [0, 1, 0, 0, 0, 1, 0, 0, 0, 1, 0], [0, 5, 1, 1, 1, 1, 1, 1, 1, 1, 0], [0, 0, 0, 0, 0, 0, 0, 0, 0, 0, 0]]"
2026-05-29T14:15:14.177120,0,West,246.0,False,False,False,"[[0, 0, 0, 0, 0, 0, 0, 0, 0, 0, 0], [0, 2, 2, 2, 2, 2, 2, 2, 2, 3, 0], [0, 2, 0, 0, 0, 2, 0, 0, 0, 2, 0], [0, 2, 0, 2, 2, 2, 4, 2, 0, 2, 0], [0, 2, 2, 2, 0, 2, 0, 2, 2, 2, 0], [0, 0, 0, 2, 0, 2, 0, 2, 0, 0, 0], [0, 2, 2, 2, 2, 2, 2, 2, 2, 2, 0], [0, 2, 0, 2, 0, 0, 0, 2, 0, 2, 0], [0, 1, 0, 2, 0, 1, 0, 2, 0, 2, 0], [0, 1, 0, 2, 0, 4, 1, 2, 0, 2, 0], [0, 1, 0, 2, 0, 1, 1, 2, 0, 2, 0], [0, 1, 0, 2, 0, 1, 0, 2, 0, 2, 0], [0, 1, 0, 2, 0, 0, 0, 2, 0, 2, 0], [0, 1, 1, 1, 2, 2, 2, 2, 2, 2, 0], [0, 0, 0, 1, 0, 2, 0, 2, 0, 0, 0], [0, 1, 1, 1, 0, 2, 0, 1, 1, 1, 0], [0, 1, 0, 2, 2, 1, 1, 1, 0, 1, 0], [0, 5, 0, 0, 0, 1, 0, 0, 0, 1, 0], [0, 1, 1, 1, 1, 1, 1, 1, 1, 1, 0], [0, 0, 0, 0, 0, 0, 0, 0, 0, 0, 0]]"
2026-05-29T14:15:14.286651,0,West,245.0,False,False,False,"[[0, 0, 0, 0, 0, 0, 0, 0, 0, 0, 0], [0, 2, 2, 2, 2, 2, 2, 2, 2, 3, 0], [0, 2, 0, 0, 0, 2, 0, 0, 0, 2, 0], [0, 2, 0, 2, 2, 2, 4, 2, 0, 2, 0], [0, 2, 2, 2, 0, 2, 0, 2, 2, 2, 0], [0, 0, 0, 2, 0, 2, 0, 2, 0, 0, 0], [0, 2, 2, 2, 2, 2, 2, 2, 2, 2, 0], [0, 2, 0, 2, 0, 0, 0, 2, 0, 2, 0], [0, 1, 0, 2, 0, 1, 0, 2, 0, 2, 0], [0, 1, 0, 2, 0, 4, 1, 2, 0, 2, 0], [0, 1, 0, 2, 0, 1, 1, 2, 0, 2, 0], [0, 1, 0, 2, 0, 1, 0, 2, 0, 2, 0], [0, 1, 0, 2, 0, 0, 0, 2, 0, 2, 0], [0, 1, 1, 1, 2, 2, 2, 2, 2, 2, 0], [0, 0, 0, 1, 0, 2, 0, 2, 0, 0, 0], [0, 1, 1, 1, 0, 2, 0, 1, 1, 1, 0], [0, 5, 0, 2, 2, 1, 1, 1, 0, 1, 0], [0, 1, 0, 0, 0, 1, 0, 0, 0, 1, 0], [0, 1, 1, 1, 1, 1, 1, 1, 1, 1, 0], [0, 0, 0, 0, 0, 0, 0, 0, 0, 0, 0]]"
2026-05-29T14:15:14.396598,0,North,244.0,False,False,False,"[[0, 0, 0, 0, 0, 0, 0, 0, 0, 0, 0], [0, 2, 2, 2, 2, 2, 2, 2, 2, 3, 0], [0, 2, 0, 0, 0, 2, 0, 0, 0, 2, 0], [0, 2, 0, 2, 2, 2, 2, 4, 0, 2, 0], [0, 2, 2, 2, 0, 2, 0, 2, 2, 2, 0], [0, 0, 0, 2, 0, 2, 0, 2, 0, 0, 0], [0, 2, 2, 2, 2, 2, 2, 2, 2, 2, 0], [0, 2, 0, 2, 0, 0, 0, 2, 0, 2, 0], [0, 1, 0, 2, 0, 1, 0, 2, 0, 2, 0], [0, 1, 0, 2, 0, 1, 4, 2, 0, 2, 0], [0, 1, 0, 2, 0, 1, 1, 2, 0, 2, 0], [0, 1, 0, 2, 0, 1, 0, 2, 0, 2, 0], [0, 1, 0, 2, 0, 0, 0, 2, 0, 2, 0], [0, 1, 1, 1, 2, 2, 2, 2, 2, 2, 0], [0, 0, 0, 1, 0, 2, 0, 2, 0, 0, 0], [0, 5, 1, 1, 0, 2, 0, 1, 1, 1, 0], [0, 1, 0, 2, 2, 1, 1, 1, 0, 1, 0], [0, 1, 0, 0, 0, 1, 0, 0, 0, 1, 0], [0, 1, 1, 1, 1, 1, 1, 1, 1, 1, 0], [0, 0, 0, 0, 0, 0, 0, 0, 0, 0, 0]]"
2026-05-29T14:15:14.520385,0,North,243.0,False,False,False,"[[0, 0, 0, 0, 0, 0, 0, 0, 0, 0, 0], [0, 2, 2, 2, 2, 2, 2, 2, 2, 3, 0], [0, 2, 0, 0, 0, 2, 0, 0, 0, 2, 0], [0, 2, 0, 2, 2, 2, 2, 4, 0, 2, 0], [0, 2, 2, 2, 0, 2, 0, 2, 2, 2, 0], [0, 0, 0, 2, 0, 2, 0, 2, 0, 0, 0], [0, 2, 2, 2, 2, 2, 2, 2, 2, 2, 0], [0, 2, 0, 2, 0, 0, 0, 2, 0, 2, 0], [0, 1, 0, 2, 0, 1, 0, 2, 0, 2, 0], [0, 1, 0, 2, 0, 1, 4, 2, 0, 2, 0], [0, 1, 0, 2, 0, 1, 1, 2, 0, 2, 0], [0, 1, 0, 2, 0, 1, 0, 2, 0, 2, 0], [0, 1, 0, 2, 0, 0, 0, 2, 0, 2, 0], [0, 1, 1, 1, 2, 2, 2, 2, 2, 2, 0], [0, 0, 0, 1, 0, 2, 0, 2, 0, 0, 0], [0, 1, 5, 1, 0, 2, 0, 1, 1, 1, 0], [0, 1, 0, 2, 2, 1, 1, 1, 0, 1, 0], [0, 1, 0, 0, 0, 1, 0, 0, 0, 1, 0], [0, 1, 1, 1, 1, 1, 1, 1, 1, 1, 0], [0, 0, 0, 0, 0, 0, 0, 0, 0, 0, 0]]"
2026-05-29T14:15:14.651864,0,West,242.0,False,False,False,"[[0, 0, 0, 0, 0, 0, 0, 0, 0, 0, 0], [0, 2, 2, 2, 2, 2, 2, 2, 2, 3, 0], [0, 2, 0, 0, 0, 2, 0, 0, 0, 2, 0], [0, 2, 0, 2, 2, 2, 2, 2, 0, 2, 0], [0, 2, 2, 2, 0, 2, 0, 4, 2, 2, 0], [0, 0, 0, 2, 0, 2, 0, 2, 0, 0, 0], [0, 2, 2, 2, 2, 2, 2, 2, 2, 2, 0], [0, 2, 0, 2, 0, 0, 0, 2, 0, 2, 0], [0, 1, 0, 2, 0, 1, 0, 2, 0, 2, 0], [0, 1, 0, 2, 0, 1, 1, 4, 0, 2, 0], [0, 1, 0, 2, 0, 1, 1, 2, 0, 2, 0], [0, 1, 0, 2, 0, 1, 0, 2, 0, 2, 0], [0, 1, 0, 2, 0, 0, 0, 2, 0, 2, 0], [0, 1, 1, 1, 2, 2, 2, 2, 2, 2, 0], [0, 0, 0, 1, 0, 2, 0, 2, 0, 0, 0], [0, 1, 1, 5, 0, 2, 0, 1, 1, 1, 0], [0, 1, 0, 2, 2, 1, 1, 1, 0, 1, 0], [0, 1, 0, 0, 0, 1, 0, 0, 0, 1, 0], [0, 1, 1, 1, 1, 1, 1, 1, 1, 1, 0], [0, 0, 0, 0, 0, 0, 0, 0, 0, 0, 0]]"
2026-05-29T14:15:14.777805,0,West,241.0,False,False,False,"[[0, 0, 0, 0, 0, 0, 0, 0, 0, 0, 0], [0, 2, 2, 2, 2, 2, 2, 2, 2, 3, 0], [0, 2, 0, 0, 0, 2, 0, 0, 0, 2, 0], [0, 2, 0, 2, 2, 2, 2, 2, 0, 2, 0], [0, 2, 2, 2, 0, 2, 0, 4, 2, 2, 0], [0, 0, 0, 2, 0, 2, 0, 2, 0, 0, 0], [0, 2, 2, 2, 2, 2, 2, 2, 2, 2, 0], [0, 2, 0, 2, 0, 0, 0, 2, 0, 2, 0], [0, 1, 0, 2, 0, 1, 0, 4, 0, 2, 0], [0, 1, 0, 2, 0, 1, 1, 2, 0, 2, 0], [0, 1, 0, 2, 0, 1, 1, 2, 0, 2, 0], [0, 1, 0, 2, 0, 1, 0, 2, 0, 2, 0], [0, 1, 0, 2, 0, 0, 0, 2, 0, 2, 0], [0, 1, 1, 1, 2, 2, 2, 2, 2, 2, 0], [0, 0, 0, 5, 0, 2, 0, 2, 0, 0, 0], [0, 1, 1, 1, 0, 2, 0, 1, 1, 1, 0], [0, 1, 0, 2, 2, 1, 1, 1, 0, 1, 0], [0, 1, 0, 0, 0, 1, 0, 0, 0, 1, 0], [0, 1, 1, 1, 1, 1, 1, 1, 1, 1, 0], [0, 0, 0, 0, 0, 0, 0, 0, 0, 0, 0]]"
2026-05-29T14:15:14.901789,0,East,240.0,False,False,False,"[[0, 0, 0, 0, 0, 0, 0, 0, 0, 0, 0], [0, 2, 2, 2, 2, 2, 2, 2, 2, 3, 0], [0, 2, 0, 0, 0, 2, 0, 0, 0, 2, 0], [0, 2, 0, 2, 2, 2, 2, 2, 0, 2, 0], [0, 2, 2, 2, 0, 2, 0, 2, 4, 2, 0], [0, 0, 0, 2, 0, 2, 0, 2, 0, 0, 0], [0, 2, 2, 2, 2, 2, 2, 2, 2, 2, 0], [0, 2, 0, 2, 0, 0, 0, 2, 0, 2, 0], [0, 1, 0, 2, 0, 1, 0, 4, 0, 2, 0], [0, 1, 0, 2, 0, 1, 1, 2, 0, 2, 0], [0, 1, 0, 2, 0, 1, 1, 2, 0, 2, 0], [0, 1, 0, 2, 0, 1, 0, 2, 0, 2, 0], [0, 1, 0, 2, 0, 0, 0, 2, 0, 2, 0], [0, 1, 1, 5, 2, 2, 2, 2, 2, 2, 0], [0, 0, 0, 1, 0, 2, 0, 2, 0, 0, 0], [0, 1, 1, 1, 0, 2, 0, 1, 1, 1, 0], [0, 1, 0, 2, 2, 1, 1, 1, 0, 1, 0], [0, 1, 0, 0, 0, 1, 0, 0, 0, 1, 0], [0, 1, 1, 1, 1, 1, 1, 1, 1, 1, 0], [0, 0, 0, 0, 0, 0, 0, 0, 0, 0, 0]]"
2026-05-29T14:15:15.026848,0,West,239.0,False,False,False,"[[0, 0, 0, 0, 0, 0, 0, 0, 0, 0, 0], [0, 2, 2, 2, 2, 2, 2, 2, 2, 3, 0], [0, 2, 0, 0, 0, 2, 0, 0, 0, 2, 0], [0, 2, 0, 2, 2, 2, 2, 2, 0, 2, 0], [0, 2, 2, 2, 0, 2, 0, 2, 4, 2, 0], [0, 0, 0, 2, 0, 2, 0, 2, 0, 0, 0], [0, 2, 2, 2, 2, 2, 2, 2, 2, 2, 0], [0, 2, 0, 2, 0, 0, 0, 4, 0, 2, 0], [0, 1, 0, 2, 0, 1, 0, 2, 0, 2, 0], [0, 1, 0, 2, 0, 1, 1, 2, 0, 2, 0], [0, 1, 0, 2, 0, 1, 1, 2, 0, 2, 0], [0, 1, 0, 2, 0, 1, 0, 2, 0, 2, 0], [0, 1, 0, 2, 0, 0, 0, 2, 0, 2, 0], [0, 1, 1, 1, 2, 2, 2, 2, 2, 2, 0], [0, 0, 0, 5, 0, 2, 0, 2, 0, 0, 0], [0, 1, 1, 1, 0, 2, 0, 1, 1, 1, 0], [0, 1, 0, 2, 2, 1, 1, 1, 0, 1, 0], [0, 1, 0, 0, 0, 1, 0, 0, 0, 1, 0], [0, 1, 1, 1, 1, 1, 1, 1, 1, 1, 0], [0, 0, 0, 0, 0, 0, 0, 0, 0, 0, 0]]"
2026-05-29T14:15:15.152381,0,West,238.0,False,False,False,"[[0, 0, 0, 0, 0, 0, 0, 0, 0, 0, 0], [0, 2, 2, 2, 2, 2, 2, 2, 2, 3, 0], [0, 2, 0, 0, 0, 2, 0, 0, 0, 2, 0], [0, 2, 0, 2, 2, 2, 2, 2, 0, 2, 0], [0, 2, 2, 2, 0, 2, 0, 2, 2, 4, 0], [0, 0, 0, 2, 0, 2, 0, 2, 0, 0, 0], [0, 2, 2, 2, 2, 2, 2, 2, 2, 2, 0], [0, 2, 0, 2, 0, 0, 0, 4, 0, 2, 0], [0, 1, 0, 2, 0, 1, 0, 2, 0, 2, 0], [0, 1, 0, 2, 0, 1, 1, 2, 0, 2, 0], [0, 1, 0, 2, 0, 1, 1, 2, 0, 2, 0], [0, 1, 0, 2, 0, 1, 0, 2, 0, 2, 0], [0, 1, 0, 2, 0, 0, 0, 2, 0, 2, 0], [0, 1, 1, 5, 2, 2, 2, 2, 2, 2, 0], [0, 0, 0, 1, 0, 2, 0, 2, 0, 0, 0], [0, 1, 1, 1, 0, 2, 0, 1, 1, 1, 0], [0, 1, 0, 2, 2, 1, 1, 1, 0, 1, 0], [0, 1, 0, 0, 0, 1, 0, 0, 0, 1, 0], [0, 1, 1, 1, 1, 1, 1, 1, 1, 1, 0], [0, 0, 0, 0, 0, 0, 0, 0, 0, 0, 0]]"
2026-05-29T14:15:15.276136,0,West,247.0,False,False,False,"[[0, 0, 0, 0, 0, 0, 0, 0, 0, 0, 0], [0, 2, 2, 2, 2, 2, 2, 2, 2, 3, 0], [0, 2, 0, 0, 0, 2, 0, 0, 0, 2, 0], [0, 2, 0, 2, 2, 2, 2, 2, 0, 4, 0], [0, 2, 2, 2, 0, 2, 0, 2, 2, 2, 0], [0, 0, 0, 2, 0, 2, 0, 2, 0, 0, 0], [0, 2, 2, 2, 2, 2, 2, 4, 2, 2, 0], [0, 2, 0, 2, 0, 0, 0, 2, 0, 2, 0], [0, 1, 0, 2, 0, 1, 0, 2, 0, 2, 0], [0, 1, 0, 2, 0, 1, 1, 2, 0, 2, 0], [0, 1, 0, 2, 0, 1, 1, 2, 0, 2, 0], [0, 1, 0, 2, 0, 1, 0, 2, 0, 2, 0], [0, 1, 0, 5, 0, 0, 0, 2, 0, 2, 0], [0, 1, 1, 1, 2, 2, 2, 2, 2, 2, 0], [0, 0, 0, 1, 0, 2, 0, 2, 0, 0, 0], [0, 1, 1, 1, 0, 2, 0, 1, 1, 1, 0], [0, 1, 0, 2, 2, 1, 1, 1, 0, 1, 0], [0, 1, 0, 0, 0, 1, 0, 0, 0, 1, 0], [0, 1, 1, 1, 1, 1, 1, 1, 1, 1, 0], [0, 0, 0, 0, 0, 0, 0, 0, 0, 0, 0]]"
2026-05-29T14:15:15.401516,0,West,256.0,False,False,False,"[[0, 0, 0, 0, 0, 0, 0, 0, 0, 0, 0], [0, 2, 2, 2, 2, 2, 2, 2, 2, 3, 0], [0, 2, 0, 0, 0, 2, 0, 0, 0, 2, 0], [0, 2, 0, 2, 2, 2, 2, 2, 0, 4, 0], [0, 2, 2, 2, 0, 2, 0, 2, 2, 2, 0], [0, 0, 0, 2, 0, 2, 0, 2, 0, 0, 0], [0, 2, 2, 2, 2, 2, 2, 4, 2, 2, 0], [0, 2, 0, 2, 0, 0, 0, 2, 0, 2, 0], [0, 1, 0, 2, 0, 1, 0, 2, 0, 2, 0], [0, 1, 0, 2, 0, 1, 1, 2, 0, 2, 0], [0, 1, 0, 2, 0, 1, 1, 2, 0, 2, 0], [0, 1, 0, 5, 0, 1, 0, 2, 0, 2, 0], [0, 1, 0, 1, 0, 0, 0, 2, 0, 2, 0], [0, 1, 1, 1, 2, 2, 2, 2, 2, 2, 0], [0, 0, 0, 1, 0, 2, 0, 2, 0, 0, 0], [0, 1, 1, 1, 0, 2, 0, 1, 1, 1, 0], [0, 1, 0, 2, 2, 1, 1, 1, 0, 1, 0], [0, 1, 0, 0, 0, 1, 0, 0, 0, 1, 0], [0, 1, 1, 1, 1, 1, 1, 1, 1, 1, 0], [0, 0, 0, 0, 0, 0, 0, 0, 0, 0, 0]]"
2026-05-29T14:15:15.527881,0,West,265.0,False,False,False,"[[0, 0, 0, 0, 0, 0, 0, 0, 0, 0, 0], [0, 2, 2, 2, 2, 2, 2, 2, 2, 3, 0], [0, 2, 0, 0, 0, 2, 0, 0, 0, 4, 0], [0, 2, 0, 2, 2, 2, 2, 2, 0, 2, 0], [0, 2, 2, 2, 0, 2, 0, 2, 2, 2, 0], [0, 0, 0, 2, 0, 2, 0, 2, 0, 0, 0], [0, 2, 2, 2, 2, 2, 2, 4, 2, 2, 0], [0, 2, 0, 2, 0, 0, 0, 2, 0, 2, 0], [0, 1, 0, 2, 0, 1, 0, 2, 0, 2, 0], [0, 1, 0, 2, 0, 1, 1, 2, 0, 2, 0], [0, 1, 0, 5, 0, 1, 1, 2, 0, 2, 0], [0, 1, 0, 1, 0, 1, 0, 2, 0, 2, 0], [0, 1, 0, 1, 0, 0, 0, 2, 0, 2, 0], [0, 1, 1, 1, 2, 2, 2, 2, 2, 2, 0], [0, 0, 0, 1, 0, 2, 0, 2, 0, 0, 0], [0, 1, 1, 1, 0, 2, 0, 1, 1, 1, 0], [0, 1, 0, 2, 2, 1, 1, 1, 0, 1, 0], [0, 1, 0, 0, 0, 1, 0, 0, 0, 1, 0], [0, 1, 1, 1, 1, 1, 1, 1, 1, 1, 0], [0, 0, 0, 0, 0, 0, 0, 0, 0, 0, 0]]"
2026-05-29T14:15:15.656059,0,West,274.0,False,False,False,"[[0, 0, 0, 0, 0, 0, 0, 0, 0, 0, 0], [0, 2, 2, 2, 2, 2, 2, 2, 2, 3, 0], [0, 2, 0, 0, 0, 2, 0, 0, 0, 4, 0], [0, 2, 0, 2, 2, 2, 2, 2, 0, 2, 0], [0, 2, 2, 2, 0, 2, 0, 2, 2, 2, 0], [0, 0, 0, 2, 0, 2, 0, 2, 0, 0, 0], [0, 2, 2, 2, 2, 2, 2, 2, 4, 2, 0], [0, 2, 0, 2, 0, 0, 0, 2, 0, 2, 0], [0, 1, 0, 2, 0, 1, 0, 2, 0, 2, 0], [0, 1, 0, 5, 0, 1, 1, 2, 0, 2, 0], [0, 1, 0, 1, 0, 1, 1, 2, 0, 2, 0], [0, 1, 0, 1, 0, 1, 0, 2, 0, 2, 0], [0, 1, 0, 1, 0, 0, 0, 2, 0, 2, 0], [0, 1, 1, 1, 2, 2, 2, 2, 2, 2, 0], [0, 0, 0, 1, 0, 2, 0, 2, 0, 0, 0], [0, 1, 1, 1, 0, 2, 0, 1, 1, 1, 0], [0, 1, 0, 2, 2, 1, 1, 1, 0, 1, 0], [0, 1, 0, 0, 0, 1, 0, 0, 0, 1, 0], [0, 1, 1, 1, 1, 1, 1, 1, 1, 1, 0], [0, 0, 0, 0, 0, 0, 0, 0, 0, 0, 0]]"
2026-05-29T14:15:15.782450,0,West,283.0,False,False,False,"[[0, 0, 0, 0, 0, 0, 0, 0, 0, 0, 0], [0, 2, 2, 2, 2, 2, 2, 2, 2, 4, 0], [0, 2, 0, 0, 0, 2, 0, 0, 0, 2, 0], [0, 2, 0, 2, 2, 2, 2, 2, 0, 2, 0], [0, 2, 2, 2, 0, 2, 0, 2, 2, 2, 0], [0, 0, 0, 2, 0, 2, 0, 2, 0, 0, 0], [0, 2, 2, 2, 2, 2, 2, 2, 2, 4, 0], [0, 2, 0, 2, 0, 0, 0, 2, 0, 2, 0], [0, 1, 0, 5, 0, 1, 0, 2, 0, 2, 0], [0, 1, 0, 1, 0, 1, 1, 2, 0, 2, 0], [0, 1, 0, 1, 0, 1, 1, 2, 0, 2, 0], [0, 1, 0, 1, 0, 1, 0, 2, 0, 2, 0], [0, 1, 0, 1, 0, 0, 0, 2, 0, 2, 0], [0, 1, 1, 1, 2, 2, 2, 2, 2, 2, 0], [0, 0, 0, 1, 0, 2, 0, 2, 0, 0, 0], [0, 1, 1, 1, 0, 2, 0, 1, 1, 1, 0], [0, 1, 0, 2, 2, 1, 1, 1, 0, 1, 0], [0, 1, 0, 0, 0, 1, 0, 0, 0, 1, 0], [0, 1, 1, 1, 1, 1, 1, 1, 1, 1, 0], [0, 0, 0, 0, 0, 0, 0, 0, 0, 0, 0]]"
2026-05-29T14:15:15.908321,0,West,292.0,False,False,False,"[[0, 0, 0, 0, 0, 0, 0, 0, 0, 0, 0], [0, 2, 2, 2, 2, 2, 2, 2, 4, 3, 0], [0, 2, 0, 0, 0, 2, 0, 0, 0, 2, 0], [0, 2, 0, 2, 2, 2, 2, 2, 0, 2, 0], [0, 2, 2, 2, 0, 2, 0, 2, 2, 2, 0], [0, 0, 0, 2, 0, 2, 0, 2, 0, 0, 0], [0, 2, 2, 2, 2, 2, 2, 2, 2, 2, 0], [0, 2, 0, 5, 0, 0, 0, 2, 0, 4, 0], [0, 1, 0, 1, 0, 1, 0, 2, 0, 2, 0], [0, 1, 0, 1, 0, 1, 1, 2, 0, 2, 0], [0, 1, 0, 1, 0, 1, 1, 2, 0, 2, 0], [0, 1, 0, 1, 0, 1, 0, 2, 0, 2, 0], [0, 1, 0, 1, 0, 0, 0, 2, 0, 2, 0], [0, 1, 1, 1, 2, 2, 2, 2, 2, 2, 0], [0, 0, 0, 1, 0, 2, 0, 2, 0, 0, 0], [0, 1, 1, 1, 0, 2, 0, 1, 1, 1, 0], [0, 1, 0, 2, 2, 1, 1, 1, 0, 1, 0], [0, 1, 0, 0, 0, 1, 0, 0, 0, 1, 0], [0, 1, 1, 1, 1, 1, 1, 1, 1, 1, 0], [0, 0, 0, 0, 0, 0, 0, 0, 0, 0, 0]]"
2026-05-29T14:15:16.032424,0,South,301.0,False,False,False,"[[0, 0, 0, 0, 0, 0, 0, 0, 0, 0, 0], [0, 2, 2, 2, 2, 2, 2, 4, 2, 3, 0], [0, 2, 0, 0, 0, 2, 0, 0, 0, 2, 0], [0, 2, 0, 2, 2, 2, 2, 2, 0, 2, 0], [0, 2, 2, 2, 0, 2, 0, 2, 2, 2, 0], [0, 0, 0, 2, 0, 2, 0, 2, 0, 0, 0], [0, 2, 2, 5, 2, 2, 2, 2, 2, 2, 0], [0, 2, 0, 1, 0, 0, 0, 2, 0, 2, 0], [0, 1, 0, 1, 0, 1, 0, 2, 0, 4, 0], [0, 1, 0, 1, 0, 1, 1, 2, 0, 2, 0], [0, 1, 0, 1, 0, 1, 1, 2, 0, 2, 0], [0, 1, 0, 1, 0, 1, 0, 2, 0, 2, 0], [0, 1, 0, 1, 0, 0, 0, 2, 0, 2, 0], [0, 1, 1, 1, 2, 2, 2, 2, 2, 2, 0], [0, 0, 0, 1, 0, 2, 0, 2, 0, 0, 0], [0, 1, 1, 1, 0, 2, 0, 1, 1, 1, 0], [0, 1, 0, 2, 2, 1, 1, 1, 0, 1, 0], [0, 1, 0, 0, 0, 1, 0, 0, 0, 1, 0], [0, 1, 1, 1, 1, 1, 1, 1, 1, 1, 0], [0, 0, 0, 0, 0, 0, 0, 0, 0, 0, 0]]"
2026-05-29T14:15:16.158628,0,North,310.0,False,False,False,"[[0, 0, 0, 0, 0, 0, 0, 0, 0, 0, 0], [0, 2, 2, 2, 2, 2, 4, 2, 2, 3, 0], [0, 2, 0, 0, 0, 2, 0, 0, 0, 2, 0], [0, 2, 0, 2, 2, 2, 2, 2, 0, 2, 0], [0, 2, 2, 2, 0, 2, 0, 2, 2, 2, 0], [0, 0, 0, 2, 0, 2, 0, 2, 0, 0, 0], [0, 2, 5, 1, 2, 2, 2, 2, 2, 2, 0], [0, 2, 0, 1, 0, 0, 0, 2, 0, 2, 0], [0, 1, 0, 1, 0, 1, 0, 2, 0, 2, 0], [0, 1, 0, 1, 0, 1, 1, 2, 0, 4, 0], [0, 1, 0, 1, 0, 1, 1, 2, 0, 2, 0], [0, 1, 0, 1, 0, 1, 0, 2, 0, 2, 0], [0, 1, 0, 1, 0, 0, 0, 2, 0, 2, 0], [0, 1, 1, 1, 2, 2, 2, 2, 2, 2, 0], [0, 0, 0, 1, 0, 2, 0, 2, 0, 0, 0], [0, 1, 1, 1, 0, 2, 0, 1, 1, 1, 0], [0, 1, 0, 2, 2, 1, 1, 1, 0, 1, 0], [0, 1, 0, 0, 0, 1, 0, 0, 0, 1, 0], [0, 1, 1, 1, 1, 1, 1, 1, 1, 1, 0], [0, 0, 0, 0, 0, 0, 0, 0, 0, 0, 0]]"
2026-05-29T14:15:16.284587,0,North,309.0,False,False,False,"[[0, 0, 0, 0, 0, 0, 0, 0, 0, 0, 0], [0, 2, 2, 2, 2, 4, 2, 2, 2, 3, 0], [0, 2, 0, 0, 0, 2, 0, 0, 0, 2, 0], [0, 2, 0, 2, 2, 2, 2, 2, 0, 2, 0], [0, 2, 2, 2, 0, 2, 0, 2, 2, 2, 0], [0, 0, 0, 2, 0, 2, 0, 2, 0, 0, 0], [0, 2, 1, 5, 2, 2, 2, 2, 2, 2, 0], [0, 2, 0, 1, 0, 0, 0, 2, 0, 2, 0], [0, 1, 0, 1, 0, 1, 0, 2, 0, 2, 0], [0, 1, 0, 1, 0, 1, 1, 2, 0, 2, 0], [0, 1, 0, 1, 0, 1, 1, 2, 0, 4, 0], [0, 1, 0, 1, 0, 1, 0, 2, 0, 2, 0], [0, 1, 0, 1, 0, 0, 0, 2, 0, 2, 0], [0, 1, 1, 1, 2, 2, 2, 2, 2, 2, 0], [0, 0, 0, 1, 0, 2, 0, 2, 0, 0, 0], [0, 1, 1, 1, 0, 2, 0, 1, 1, 1, 0], [0, 1, 0, 2, 2, 1, 1, 1, 0, 1, 0], [0, 1, 0, 0, 0, 1, 0, 0, 0, 1, 0], [0, 1, 1, 1, 1, 1, 1, 1, 1, 1, 0], [0, 0, 0, 0, 0, 0, 0, 0, 0, 0, 0]]"
2026-05-29T14:15:16.408763,0,North,318.0,False,False,False,"[[0, 0, 0, 0, 0, 0, 0, 0, 0, 0, 0], [0, 2, 2, 2, 4, 2, 2, 2, 2, 3, 0], [0, 2, 0, 0, 0, 2, 0, 0, 0, 2, 0], [0, 2, 0, 2, 2, 2, 2, 2, 0, 2, 0], [0, 2, 2, 2, 0, 2, 0, 2, 2, 2, 0], [0, 0, 0, 2, 0, 2, 0, 2, 0, 0, 0], [0, 2, 1, 1, 5, 2, 2, 2, 2, 2, 0], [0, 2, 0, 1, 0, 0, 0, 2, 0, 2, 0], [0, 1, 0, 1, 0, 1, 0, 2, 0, 2, 0], [0, 1, 0, 1, 0, 1, 1, 2, 0, 2, 0], [0, 1, 0, 1, 0, 1, 1, 2, 0, 2, 0], [0, 1, 0, 1, 0, 1, 0, 2, 0, 4, 0], [0, 1, 0, 1, 0, 0, 0, 2, 0, 2, 0], [0, 1, 1, 1, 2, 2, 2, 2, 2, 2, 0], [0, 0, 0, 1, 0, 2, 0, 2, 0, 0, 0], [0, 1, 1, 1, 0, 2, 0, 1, 1, 1, 0], [0, 1, 0, 2, 2, 1, 1, 1, 0, 1, 0], [0, 1, 0, 0, 0, 1, 0, 0, 0, 1, 0], [0, 1, 1, 1, 1, 1, 1, 1, 1, 1, 0], [0, 0, 0, 0, 0, 0, 0, 0, 0, 0, 0]]"
2026-05-29T14:15:16.535252,0,South,327.0,False,False,False,"[[0, 0, 0, 0, 0, 0, 0, 0, 0, 0, 0], [0, 2, 2, 4, 2, 2, 2, 2, 2, 3, 0], [0, 2, 0, 0, 0, 2, 0, 0, 0, 2, 0], [0, 2, 0, 2, 2, 2, 2, 2, 0, 2, 0], [0, 2, 2, 2, 0, 2, 0, 2, 2, 2, 0], [0, 0, 0, 2, 0, 2, 0, 2, 0, 0, 0], [0, 2, 1, 1, 1, 5, 2, 2, 2, 2, 0], [0, 2, 0, 1, 0, 0, 0, 2, 0, 2, 0], [0, 1, 0, 1, 0, 1, 0, 2, 0, 2, 0], [0, 1, 0, 1, 0, 1, 1, 2, 0, 2, 0], [0, 1, 0, 1, 0, 1, 1, 2, 0, 2, 0], [0, 1, 0, 1, 0, 1, 0, 2, 0, 2, 0], [0, 1, 0, 1, 0, 0, 0, 2, 0, 4, 0], [0, 1, 1, 1, 2, 2, 2, 2, 2, 2, 0], [0, 0, 0, 1, 0, 2, 0, 2, 0, 0, 0], [0, 1, 1, 1, 0, 2, 0, 1, 1, 1, 0], [0, 1, 0, 2, 2, 1, 1, 1, 0, 1, 0], [0, 1, 0, 0, 0, 1, 0, 0, 0, 1, 0], [0, 1, 1, 1, 1, 1, 1, 1, 1, 1, 0], [0, 0, 0, 0, 0, 0, 0, 0, 0, 0, 0]]"
2026-05-29T14:15:16.662658,0,North,326.0,False,False,False,"[[0, 0, 0, 0, 0, 0, 0, 0, 0, 0, 0], [0, 2, 4, 2, 2, 2, 2, 2, 2, 3, 0], [0, 2, 0, 0, 0, 2, 0, 0, 0, 2, 0], [0, 2, 0, 2, 2, 2, 2, 2, 0, 2, 0], [0, 2, 2, 2, 0, 2, 0, 2, 2, 2, 0], [0, 0, 0, 2, 0, 2, 0, 2, 0, 0, 0], [0, 2, 1, 1, 5, 1, 2, 2, 2, 2, 0], [0, 2, 0, 1, 0, 0, 0, 2, 0, 2, 0], [0, 1, 0, 1, 0, 1, 0, 2, 0, 2, 0], [0, 1, 0, 1, 0, 1, 1, 2, 0, 2, 0], [0, 1, 0, 1, 0, 1, 1, 2, 0, 2, 0], [0, 1, 0, 1, 0, 1, 0, 2, 0, 2, 0], [0, 1, 0, 1, 0, 0, 0, 2, 0, 2, 0], [0, 1, 1, 1, 2, 2, 2, 2, 2, 4, 0], [0, 0, 0, 1, 0, 2, 0, 2, 0, 0, 0], [0, 1, 1, 1, 0, 2, 0, 1, 1, 1, 0], [0, 1, 0, 2, 2, 1, 1, 1, 0, 1, 0], [0, 1, 0, 0, 0, 1, 0, 0, 0, 1, 0], [0, 1, 1, 1, 1, 1, 1, 1, 1, 1, 0], [0, 0, 0, 0, 0, 0, 0, 0, 0, 0, 0]]"
2026-05-29T14:15:16.783745,0,North,325.0,False,False,False,"[[0, 0, 0, 0, 0, 0, 0, 0, 0, 0, 0], [0, 4, 2, 2, 2, 2, 2, 2, 2, 3, 0], [0, 2, 0, 0, 0, 2, 0, 0, 0, 2, 0], [0, 2, 0, 2, 2, 2, 2, 2, 0, 2, 0], [0, 2, 2, 2, 0, 2, 0, 2, 2, 2, 0], [0, 0, 0, 2, 0, 2, 0, 2, 0, 0, 0], [0, 2, 1, 1, 1, 5, 2, 2, 2, 2, 0], [0, 2, 0, 1, 0, 0, 0, 2, 0, 2, 0], [0, 1, 0, 1, 0, 1, 0, 2, 0, 2, 0], [0, 1, 0, 1, 0, 1, 1, 2, 0, 2, 0], [0, 1, 0, 1, 0, 1, 1, 2, 0, 2, 0], [0, 1, 0, 1, 0, 1, 0, 2, 0, 2, 0], [0, 1, 0, 1, 0, 0, 0, 2, 0, 2, 0], [0, 1, 1, 1, 2, 2, 2, 2, 4, 2, 0], [0, 0, 0, 1, 0, 2, 0, 2, 0, 0, 0], [0, 1, 1, 1, 0, 2, 0, 1, 1, 1, 0], [0, 1, 0, 2, 2, 1, 1, 1, 0, 1, 0], [0, 1, 0, 0, 0, 1, 0, 0, 0, 1, 0], [0, 1, 1, 1, 1, 1, 1, 1, 1, 1, 0], [0, 0, 0, 0, 0, 0, 0, 0, 0, 0, 0]]"
2026-05-29T14:15:16.909513,0,North,334.0,False,False,False,"[[0, 0, 0, 0, 0, 0, 0, 0, 0, 0, 0], [0, 2, 2, 2, 2, 2, 2, 2, 2, 3, 0], [0, 4, 0, 0, 0, 2, 0, 0, 0, 2, 0], [0, 2, 0, 2, 2, 2, 2, 2, 0, 2, 0], [0, 2, 2, 2, 0, 2, 0, 2, 2, 2, 0], [0, 0, 0, 2, 0, 2, 0, 2, 0, 0, 0], [0, 2, 1, 1, 1, 1, 5, 2, 2, 2, 0], [0, 2, 0, 1, 0, 0, 0, 2, 0, 2, 0], [0, 1, 0, 1, 0, 1, 0, 2, 0, 2, 0], [0, 1, 0, 1, 0, 1, 1, 2, 0, 2, 0], [0, 1, 0, 1, 0, 1, 1, 2, 0, 2, 0], [0, 1, 0, 1, 0, 1, 0, 2, 0, 2, 0], [0, 1, 0, 1, 0, 0, 0, 2, 0, 2, 0], [0, 1, 1, 1, 2, 2, 2, 4, 2, 2, 0], [0, 0, 0, 1, 0, 2, 0, 2, 0, 0, 0], [0, 1, 1, 1, 0, 2, 0, 1, 1, 1, 0], [0, 1, 0, 2, 2, 1, 1, 1, 0, 1, 0], [0, 1, 0, 0, 0, 1, 0, 0, 0, 1, 0], [0, 1, 1, 1, 1, 1, 1, 1, 1, 1, 0], [0, 0, 0, 0, 0, 0, 0, 0, 0, 0, 0]]"
2026-05-29T14:15:17.037023,0,South,343.0,False,False,False,"[[0, 0, 0, 0, 0, 0, 0, 0, 0, 0, 0], [0, 2, 2, 2, 2, 2, 2, 2, 2, 3, 0], [0, 2, 0, 0, 0, 2, 0, 0, 0, 2, 0], [0, 4, 0, 2, 2, 2, 2, 2, 0, 2, 0], [0, 2, 2, 2, 0, 2, 0, 2, 2, 2, 0], [0, 0, 0, 2, 0, 2, 0, 2, 0, 0, 0], [0, 2, 1, 1, 1, 1, 1, 5, 2, 2, 0], [0, 2, 0, 1, 0, 0, 0, 2, 0, 2, 0], [0, 1, 0, 1, 0, 1, 0, 2, 0, 2, 0], [0, 1, 0, 1, 0, 1, 1, 2, 0, 2, 0], [0, 1, 0, 1, 0, 1, 1, 2, 0, 2, 0], [0, 1, 0, 1, 0, 1, 0, 2, 0, 2, 0], [0, 1, 0, 1, 0, 0, 0, 4, 0, 2, 0], [0, 1, 1, 1, 2, 2, 2, 2, 2, 2, 0], [0, 0, 0, 1, 0, 2, 0, 2, 0, 0, 0], [0, 1, 1, 1, 0, 2, 0, 1, 1, 1, 0], [0, 1, 0, 2, 2, 1, 1, 1, 0, 1, 0], [0, 1, 0, 0, 0, 1, 0, 0, 0, 1, 0], [0, 1, 1, 1, 1, 1, 1, 1, 1, 1, 0], [0, 0, 0, 0, 0, 0, 0, 0, 0, 0, 0]]"
2026-05-29T14:15:17.161048,0,North,342.0,False,False,False,"[[0, 0, 0, 0, 0, 0, 0, 0, 0, 0, 0], [0, 2, 2, 2, 2, 2, 2, 2, 2, 3, 0], [0, 2, 0, 0, 0, 2, 0, 0, 0, 2, 0], [0, 2, 0, 2, 2, 2, 2, 2, 0, 2, 0], [0, 4, 2, 2, 0, 2, 0, 2, 2, 2, 0], [0, 0, 0, 2, 0, 2, 0, 2, 0, 0, 0], [0, 2, 1, 1, 1, 1, 5, 1, 2, 2, 0], [0, 2, 0, 1, 0, 0, 0, 2, 0, 2, 0], [0, 1, 0, 1, 0, 1, 0, 2, 0, 2, 0], [0, 1, 0, 1, 0, 1, 1, 2, 0, 2, 0], [0, 1, 0, 1, 0, 1, 1, 2, 0, 2, 0], [0, 1, 0, 1, 0, 1, 0, 4, 0, 2, 0], [0, 1, 0, 1, 0, 0, 0, 2, 0, 2, 0], [0, 1, 1, 1, 2, 2, 2, 2, 2, 2, 0], [0, 0, 0, 1, 0, 2, 0, 2, 0, 0, 0], [0, 1, 1, 1, 0, 2, 0, 1, 1, 1, 0], [0, 1, 0, 2, 2, 1, 1, 1, 0, 1, 0], [0, 1, 0, 0, 0, 1, 0, 0, 0, 1, 0], [0, 1, 1, 1, 1, 1, 1, 1, 1, 1, 0], [0, 0, 0, 0, 0, 0, 0, 0, 0, 0, 0]]"
2026-05-29T14:15:17.286409,0,North,341.0,False,False,False,"[[0, 0, 0, 0, 0, 0, 0, 0, 0, 0, 0], [0, 2, 2, 2, 2, 2, 2, 2, 2, 3, 0], [0, 2, 0, 0, 0, 2, 0, 0, 0, 2, 0], [0, 2, 0, 2, 2, 2, 2, 2, 0, 2, 0], [0, 2, 4, 2, 0, 2, 0, 2, 2, 2, 0], [0, 0, 0, 2, 0, 2, 0, 2, 0, 0, 0], [0, 2, 1, 1, 1, 1, 1, 5, 2, 2, 0], [0, 2, 0, 1, 0, 0, 0, 2, 0, 2, 0], [0, 1, 0, 1, 0, 1, 0, 2, 0, 2, 0], [0, 1, 0, 1, 0, 1, 1, 2, 0, 2, 0], [0, 1, 0, 1, 0, 1, 1, 4, 0, 2, 0], [0, 1, 0, 1, 0, 1, 0, 2, 0, 2, 0], [0, 1, 0, 1, 0, 0, 0, 2, 0, 2, 0], [0, 1, 1, 1, 2, 2, 2, 2, 2, 2, 0], [0, 0, 0, 1, 0, 2, 0, 2, 0, 0, 0], [0, 1, 1, 1, 0, 2, 0, 1, 1, 1, 0], [0, 1, 0, 2, 2, 1, 1, 1, 0, 1, 0], [0, 1, 0, 0, 0, 1, 0, 0, 0, 1, 0], [0, 1, 1, 1, 1, 1, 1, 1, 1, 1, 0], [0, 0, 0, 0, 0, 0, 0, 0, 0, 0, 0]]"
2026-05-29T14:15:17.411775,0,North,350.0,False,False,False,"[[0, 0, 0, 0, 0, 0, 0, 0, 0, 0, 0], [0, 2, 2, 2, 2, 2, 2, 2, 2, 3, 0], [0, 2, 0, 0, 0, 2, 0, 0, 0, 2, 0], [0, 2, 0, 2, 2, 2, 2, 2, 0, 2, 0], [0, 2, 2, 4, 0, 2, 0, 2, 2, 2, 0], [0, 0, 0, 2, 0, 2, 0, 2, 0, 0, 0], [0, 2, 1, 1, 1, 1, 1, 1, 5, 2, 0], [0, 2, 0, 1, 0, 0, 0, 2, 0, 2, 0], [0, 1, 0, 1, 0, 1, 0, 2, 0, 2, 0], [0, 1, 0, 1, 0, 1, 1, 4, 0, 2, 0], [0, 1, 0, 1, 0, 1, 1, 2, 0, 2, 0], [0, 1, 0, 1, 0, 1, 0, 2, 0, 2, 0], [0, 1, 0, 1, 0, 0, 0, 2, 0, 2, 0], [0, 1, 1, 1, 2, 2, 2, 2, 2, 2, 0], [0, 0, 0, 1, 0, 2, 0, 2, 0, 0, 0], [0, 1, 1, 1, 0, 2, 0, 1, 1, 1, 0], [0, 1, 0, 2, 2, 1, 1, 1, 0, 1, 0], [0, 1, 0, 0, 0, 1, 0, 0, 0, 1, 0], [0, 1, 1, 1, 1, 1, 1, 1, 1, 1, 0], [0, 0, 0, 0, 0, 0, 0, 0, 0, 0, 0]]"
2026-05-29T14:15:17.535578,0,East,359.0,False,False,False,"[[0, 0, 0, 0, 0, 0, 0, 0, 0, 0, 0], [0, 2, 2, 2, 2, 2, 2, 2, 2, 3, 0], [0, 2, 0, 0, 0, 2, 0, 0, 0, 2, 0], [0, 2, 0, 2, 2, 2, 2, 2, 0, 2, 0], [0, 2, 2, 2, 0, 2, 0, 2, 2, 2, 0], [0, 0, 0, 4, 0, 2, 0, 2, 0, 0, 0], [0, 2, 1, 1, 1, 1, 1, 1, 1, 5, 0], [0, 2, 0, 1, 0, 0, 0, 2, 0, 2, 0], [0, 1, 0, 1, 0, 1, 0, 4, 0, 2, 0], [0, 1, 0, 1, 0, 1, 1, 2, 0, 2, 0], [0, 1, 0, 1, 0, 1, 1, 2, 0, 2, 0], [0, 1, 0, 1, 0, 1, 0, 2, 0, 2, 0], [0, 1, 0, 1, 0, 0, 0, 2, 0, 2, 0], [0, 1, 1, 1, 2, 2, 2, 2, 2, 2, 0], [0, 0, 0, 1, 0, 2, 0, 2, 0, 0, 0], [0, 1, 1, 1, 0, 2, 0, 1, 1, 1, 0], [0, 1, 0, 2, 2, 1, 1, 1, 0, 1, 0], [0, 1, 0, 0, 0, 1, 0, 0, 0, 1, 0], [0, 1, 1, 1, 1, 1, 1, 1, 1, 1, 0], [0, 0, 0, 0, 0, 0, 0, 0, 0, 0, 0]]"
2026-05-29T14:15:17.657846,0,West,368.0,False,False,False,"[[0, 0, 0, 0, 0, 0, 0, 0, 0, 0, 0], [0, 2, 2, 2, 2, 2, 2, 2, 2, 3, 0], [0, 2, 0, 0, 0, 2, 0, 0, 0, 2, 0], [0, 2, 0, 2, 2, 2, 2, 2, 0, 2, 0], [0, 2, 2, 2, 0, 2, 0, 2, 2, 2, 0], [0, 0, 0, 2, 0, 2, 0, 2, 0, 0, 0], [0, 2, 1, 4, 1, 1, 1, 1, 1, 1, 0], [0, 2, 0, 1, 0, 0, 0, 4, 0, 5, 0], [0, 1, 0, 1, 0, 1, 0, 2, 0, 2, 0], [0, 1, 0, 1, 0, 1, 1, 2, 0, 2, 0], [0, 1, 0, 1, 0, 1, 1, 2, 0, 2, 0], [0, 1, 0, 1, 0, 1, 0, 2, 0, 2, 0], [0, 1, 0, 1, 0, 0, 0, 2, 0, 2, 0], [0, 1, 1, 1, 2, 2, 2, 2, 2, 2, 0], [0, 0, 0, 1, 0, 2, 0, 2, 0, 0, 0], [0, 1, 1, 1, 0, 2, 0, 1, 1, 1, 0], [0, 1, 0, 2, 2, 1, 1, 1, 0, 1, 0], [0, 1, 0, 0, 0, 1, 0, 0, 0, 1, 0], [0, 1, 1, 1, 1, 1, 1, 1, 1, 1, 0], [0, 0, 0, 0, 0, 0, 0, 0, 0, 0, 0]]"
2026-05-29T14:15:17.778363,0,East,367.0,False,False,False,"[[0, 0, 0, 0, 0, 0, 0, 0, 0, 0, 0], [0, 2, 2, 2, 2, 2, 2, 2, 2, 3, 0], [0, 2, 0, 0, 0, 2, 0, 0, 0, 2, 0], [0, 2, 0, 2, 2, 2, 2, 2, 0, 2, 0], [0, 2, 2, 2, 0, 2, 0, 2, 2, 2, 0], [0, 0, 0, 2, 0, 2, 0, 2, 0, 0, 0], [0, 2, 1, 1, 4, 1, 1, 4, 1, 5, 0], [0, 2, 0, 1, 0, 0, 0, 2, 0, 1, 0], [0, 1, 0, 1, 0, 1, 0, 2, 0, 2, 0], [0, 1, 0, 1, 0, 1, 1, 2, 0, 2, 0], [0, 1, 0, 1, 0, 1, 1, 2, 0, 2, 0], [0, 1, 0, 1, 0, 1, 0, 2, 0, 2, 0], [0, 1, 0, 1, 0, 0, 0, 2, 0, 2, 0], [0, 1, 1, 1, 2, 2, 2, 2, 2, 2, 0], [0, 0, 0, 1, 0, 2, 0, 2, 0, 0, 0], [0, 1, 1, 1, 0, 2, 0, 1, 1, 1, 0], [0, 1, 0, 2, 2, 1, 1, 1, 0, 1, 0], [0, 1, 0, 0, 0, 1, 0, 0, 0, 1, 0], [0, 1, 1, 1, 1, 1, 1, 1, 1, 1, 0], [0, 0, 0, 0, 0, 0, 0, 0, 0, 0, 0]]"
2026-05-29T14:15:17.902185,0,East,366.0,False,False,False,"[[0, 0, 0, 0, 0, 0, 0, 0, 0, 0, 0], [0, 2, 2, 2, 2, 2, 2, 2, 2, 3, 0], [0, 2, 0, 0, 0, 2, 0, 0, 0, 2, 0], [0, 2, 0, 2, 2, 2, 2, 2, 0, 2, 0], [0, 2, 2, 2, 0, 2, 0, 2, 2, 2, 0], [0, 0, 0, 2, 0, 2, 0, 2, 0, 0, 0], [0, 2, 1, 1, 1, 4, 1, 1, 4, 1, 0], [0, 2, 0, 1, 0, 0, 0, 2, 0, 5, 0], [0, 1, 0, 1, 0, 1, 0, 2, 0, 2, 0], [0, 1, 0, 1, 0, 1, 1, 2, 0, 2, 0], [0, 1, 0, 1, 0, 1, 1, 2, 0, 2, 0], [0, 1, 0, 1, 0, 1, 0, 2, 0, 2, 0], [0, 1, 0, 1, 0, 0, 0, 2, 0, 2, 0], [0, 1, 1, 1, 2, 2, 2, 2, 2, 2, 0], [0, 0, 0, 1, 0, 2, 0, 2, 0, 0, 0], [0, 1, 1, 1, 0, 2, 0, 1, 1, 1, 0], [0, 1, 0, 2, 2, 1, 1, 1, 0, 1, 0], [0, 1, 0, 0, 0, 1, 0, 0, 0, 1, 0], [0, 1, 1, 1, 1, 1, 1, 1, 1, 1, 0], [0, 0, 0, 0, 0, 0, 0, 0, 0, 0, 0]]"
2026-05-29T14:15:18.026863,0,East,375.0,False,False,False,"[[0, 0, 0, 0, 0, 0, 0, 0, 0, 0, 0], [0, 2, 2, 2, 2, 2, 2, 2, 2, 3, 0], [0, 2, 0, 0, 0, 2, 0, 0, 0, 2, 0], [0, 2, 0, 2, 2, 2, 2, 2, 0, 2, 0], [0, 2, 2, 2, 0, 2, 0, 2, 2, 2, 0], [0, 0, 0, 2, 0, 2, 0, 2, 0, 0, 0], [0, 2, 1, 1, 1, 1, 4, 1, 1, 4, 0], [0, 2, 0, 1, 0, 0, 0, 2, 0, 1, 0], [0, 1, 0, 1, 0, 1, 0, 2, 0, 5, 0], [0, 1, 0, 1, 0, 1, 1, 2, 0, 2, 0], [0, 1, 0, 1, 0, 1, 1, 2, 0, 2, 0], [0, 1, 0, 1, 0, 1, 0, 2, 0, 2, 0], [0, 1, 0, 1, 0, 0, 0, 2, 0, 2, 0], [0, 1, 1, 1, 2, 2, 2, 2, 2, 2, 0], [0, 0, 0, 1, 0, 2, 0, 2, 0, 0, 0], [0, 1, 1, 1, 0, 2, 0, 1, 1, 1, 0], [0, 1, 0, 2, 2, 1, 1, 1, 0, 1, 0], [0, 1, 0, 0, 0, 1, 0, 0, 0, 1, 0], [0, 1, 1, 1, 1, 1, 1, 1, 1, 1, 0], [0, 0, 0, 0, 0, 0, 0, 0, 0, 0, 0]]"
2026-05-29T14:15:18.152322,0,East,384.0,False,False,False,"[[0, 0, 0, 0, 0, 0, 0, 0, 0, 0, 0], [0, 2, 2, 2, 2, 2, 2, 2, 2, 3, 0], [0, 2, 0, 0, 0, 2, 0, 0, 0, 2, 0], [0, 2, 0, 2, 2, 2, 2, 2, 0, 2, 0], [0, 2, 2, 2, 0, 2, 0, 2, 2, 2, 0], [0, 0, 0, 2, 0, 2, 0, 2, 0, 0, 0], [0, 2, 1, 1, 1, 1, 1, 4, 1, 1, 0], [0, 2, 0, 1, 0, 0, 0, 2, 0, 4, 0], [0, 1, 0, 1, 0, 1, 0, 2, 0, 1, 0], [0, 1, 0, 1, 0, 1, 1, 2, 0, 5, 0], [0, 1, 0, 1, 0, 1, 1, 2, 0, 2, 0], [0, 1, 0, 1, 0, 1, 0, 2, 0, 2, 0], [0, 1, 0, 1, 0, 0, 0, 2, 0, 2, 0], [0, 1, 1, 1, 2, 2, 2, 2, 2, 2, 0], [0, 0, 0, 1, 0, 2, 0, 2, 0, 0, 0], [0, 1, 1, 1, 0, 2, 0, 1, 1, 1, 0], [0, 1, 0, 2, 2, 1, 1, 1, 0, 1, 0], [0, 1, 0, 0, 0, 1, 0, 0, 0, 1, 0], [0, 1, 1, 1, 1, 1, 1, 1, 1, 1, 0], [0, 0, 0, 0, 0, 0, 0, 0, 0, 0, 0]]"
2026-05-29T14:15:18.279541,0,East,393.0,False,False,False,"[[0, 0, 0, 0, 0, 0, 0, 0, 0, 0, 0], [0, 2, 2, 2, 2, 2, 2, 2, 2, 3, 0], [0, 2, 0, 0, 0, 2, 0, 0, 0, 2, 0], [0, 2, 0, 2, 2, 2, 2, 2, 0, 2, 0], [0, 2, 2, 2, 0, 2, 0, 2, 2, 2, 0], [0, 0, 0, 2, 0, 2, 0, 2, 0, 0, 0], [0, 2, 1, 1, 1, 1, 1, 1, 4, 1, 0], [0, 2, 0, 1, 0, 0, 0, 2, 0, 1, 0], [0, 1, 0, 1, 0, 1, 0, 2, 0, 4, 0], [0, 1, 0, 1, 0, 1, 1, 2, 0, 1, 0], [0, 1, 0, 1, 0, 1, 1, 2, 0, 5, 0], [0, 1, 0, 1, 0, 1, 0, 2, 0, 2, 0], [0, 1, 0, 1, 0, 0, 0, 2, 0, 2, 0], [0, 1, 1, 1, 2, 2, 2, 2, 2, 2, 0], [0, 0, 0, 1, 0, 2, 0, 2, 0, 0, 0], [0, 1, 1, 1, 0, 2, 0, 1, 1, 1, 0], [0, 1, 0, 2, 2, 1, 1, 1, 0, 1, 0], [0, 1, 0, 0, 0, 1, 0, 0, 0, 1, 0], [0, 1, 1, 1, 1, 1, 1, 1, 1, 1, 0], [0, 0, 0, 0, 0, 0, 0, 0, 0, 0, 0]]"
2026-05-29T14:15:18.409336,0,East,402.0,False,False,False,"[[0, 0, 0, 0, 0, 0, 0, 0, 0, 0, 0], [0, 2, 2, 2, 2, 2, 2, 2, 2, 3, 0], [0, 2, 0, 0, 0, 2, 0, 0, 0, 2, 0], [0, 2, 0, 2, 2, 2, 2, 2, 0, 2, 0], [0, 2, 2, 2, 0, 2, 0, 2, 2, 2, 0], [0, 0, 0, 2, 0, 2, 0, 2, 0, 0, 0], [0, 2, 1, 1, 1, 1, 1, 1, 1, 4, 0], [0, 2, 0, 1, 0, 0, 0, 2, 0, 1, 0], [0, 1, 0, 1, 0, 1, 0, 2, 0, 1, 0], [0, 1, 0, 1, 0, 1, 1, 2, 0, 4, 0], [0, 1, 0, 1, 0, 1, 1, 2, 0, 1, 0], [0, 1, 0, 1, 0, 1, 0, 2, 0, 5, 0], [0, 1, 0, 1, 0, 0, 0, 2, 0, 2, 0], [0, 1, 1, 1, 2, 2, 2, 2, 2, 2, 0], [0, 0, 0, 1, 0, 2, 0, 2, 0, 0, 0], [0, 1, 1, 1, 0, 2, 0, 1, 1, 1, 0], [0, 1, 0, 2, 2, 1, 1, 1, 0, 1, 0], [0, 1, 0, 0, 0, 1, 0, 0, 0, 1, 0], [0, 1, 1, 1, 1, 1, 1, 1, 1, 1, 0], [0, 0, 0, 0, 0, 0, 0, 0, 0, 0, 0]]"
2026-05-29T14:15:18.544463,0,East,411.0,False,False,False,"[[0, 0, 0, 0, 0, 0, 0, 0, 0, 0, 0], [0, 2, 2, 2, 2, 2, 2, 2, 2, 3, 0], [0, 2, 0, 0, 0, 2, 0, 0, 0, 2, 0], [0, 2, 0, 2, 2, 2, 2, 2, 0, 2, 0], [0, 2, 2, 2, 0, 2, 0, 2, 2, 2, 0], [0, 0, 0, 2, 0, 2, 0, 2, 0, 0, 0], [0, 2, 1, 1, 1, 1, 1, 1, 1, 1, 0], [0, 2, 0, 1, 0, 0, 0, 2, 0, 4, 0], [0, 1, 0, 1, 0, 1, 0, 2, 0, 1, 0], [0, 1, 0, 1, 0, 1, 1, 2, 0, 1, 0], [0, 1, 0, 1, 0, 1, 1, 2, 0, 4, 0], [0, 1, 0, 1, 0, 1, 0, 2, 0, 1, 0], [0, 1, 0, 1, 0, 0, 0, 2, 0, 5, 0], [0, 1, 1, 1, 2, 2, 2, 2, 2, 2, 0], [0, 0, 0, 1, 0, 2, 0, 2, 0, 0, 0], [0, 1, 1, 1, 0, 2, 0, 1, 1, 1, 0], [0, 1, 0, 2, 2, 1, 1, 1, 0, 1, 0], [0, 1, 0, 0, 0, 1, 0, 0, 0, 1, 0], [0, 1, 1, 1, 1, 1, 1, 1, 1, 1, 0], [0, 0, 0, 0, 0, 0, 0, 0, 0, 0, 0]]"
2026-05-29T14:15:18.673985,0,South,420.0,False,False,False,"[[0, 0, 0, 0, 0, 0, 0, 0, 0, 0, 0], [0, 2, 2, 2, 2, 2, 2, 2, 2, 3, 0], [0, 2, 0, 0, 0, 2, 0, 0, 0, 2, 0], [0, 2, 0, 2, 2, 2, 2, 2, 0, 2, 0], [0, 2, 2, 2, 0, 2, 0, 2, 2, 2, 0], [0, 0, 0, 2, 0, 2, 0, 2, 0, 0, 0], [0, 2, 1, 1, 1, 1, 1, 1, 1, 1, 0], [0, 2, 0, 1, 0, 0, 0, 2, 0, 1, 0], [0, 1, 0, 1, 0, 1, 0, 2, 0, 4, 0], [0, 1, 0, 1, 0, 1, 1, 2, 0, 1, 0], [0, 1, 0, 1, 0, 1, 1, 2, 0, 1, 0], [0, 1, 0, 1, 0, 1, 0, 2, 0, 4, 0], [0, 1, 0, 1, 0, 0, 0, 2, 0, 1, 0], [0, 1, 1, 1, 2, 2, 2, 2, 2, 5, 0], [0, 0, 0, 1, 0, 2, 0, 2, 0, 0, 0], [0, 1, 1, 1, 0, 2, 0, 1, 1, 1, 0], [0, 1, 0, 2, 2, 1, 1, 1, 0, 1, 0], [0, 1, 0, 0, 0, 1, 0, 0, 0, 1, 0], [0, 1, 1, 1, 1, 1, 1, 1, 1, 1, 0], [0, 0, 0, 0, 0, 0, 0, 0, 0, 0, 0]]"
2026-05-29T14:15:18.800644,0,South,429.0,False,False,False,"[[0, 0, 0, 0, 0, 0, 0, 0, 0, 0, 0], [0, 2, 2, 2, 2, 2, 2, 2, 2, 3, 0], [0, 2, 0, 0, 0, 2, 0, 0, 0, 2, 0], [0, 2, 0, 2, 2, 2, 2, 2, 0, 2, 0], [0, 2, 2, 2, 0, 2, 0, 2, 2, 2, 0], [0, 0, 0, 2, 0, 2, 0, 2, 0, 0, 0], [0, 2, 1, 1, 1, 1, 1, 1, 1, 1, 0], [0, 2, 0, 1, 0, 0, 0, 2, 0, 1, 0], [0, 1, 0, 1, 0, 1, 0, 2, 0, 1, 0], [0, 1, 0, 1, 0, 1, 1, 2, 0, 4, 0], [0, 1, 0, 1, 0, 1, 1, 2, 0, 1, 0], [0, 1, 0, 1, 0, 1, 0, 2, 0, 1, 0], [0, 1, 0, 1, 0, 0, 0, 2, 0, 4, 0], [0, 1, 1, 1, 2, 2, 2, 2, 5, 1, 0], [0, 0, 0, 1, 0, 2, 0, 2, 0, 0, 0], [0, 1, 1, 1, 0, 2, 0, 1, 1, 1, 0], [0, 1, 0, 2, 2, 1, 1, 1, 0, 1, 0], [0, 1, 0, 0, 0, 1, 0, 0, 0, 1, 0], [0, 1, 1, 1, 1, 1, 1, 1, 1, 1, 0], [0, 0, 0, 0, 0, 0, 0, 0, 0, 0, 0]]"
2026-05-29T14:15:18.919011,0,South,438.0,False,False,False,"[[0, 0, 0, 0, 0, 0, 0, 0, 0, 0, 0], [0, 2, 2, 2, 2, 2, 2, 2, 2, 3, 0], [0, 2, 0, 0, 0, 2, 0, 0, 0, 2, 0], [0, 2, 0, 2, 2, 2, 2, 2, 0, 2, 0], [0, 2, 2, 2, 0, 2, 0, 2, 2, 2, 0], [0, 0, 0, 2, 0, 2, 0, 2, 0, 0, 0], [0, 2, 1, 1, 1, 1, 1, 1, 1, 1, 0], [0, 2, 0, 1, 0, 0, 0, 2, 0, 1, 0], [0, 1, 0, 1, 0, 1, 0, 2, 0, 1, 0], [0, 1, 0, 1, 0, 1, 1, 2, 0, 1, 0], [0, 1, 0, 1, 0, 1, 1, 2, 0, 4, 0], [0, 1, 0, 1, 0, 1, 0, 2, 0, 1, 0], [0, 1, 0, 1, 0, 0, 0, 2, 0, 1, 0], [0, 1, 1, 1, 2, 2, 2, 5, 1, 4, 0], [0, 0, 0, 1, 0, 2, 0, 2, 0, 0, 0], [0, 1, 1, 1, 0, 2, 0, 1, 1, 1, 0], [0, 1, 0, 2, 2, 1, 1, 1, 0, 1, 0], [0, 1, 0, 0, 0, 1, 0, 0, 0, 1, 0], [0, 1, 1, 1, 1, 1, 1, 1, 1, 1, 0], [0, 0, 0, 0, 0, 0, 0, 0, 0, 0, 0]]"
2026-05-29T14:15:19.042193,0,North,447.0,False,False,False,"[[0, 0, 0, 0, 0, 0, 0, 0, 0, 0, 0], [0, 2, 2, 2, 2, 2, 2, 2, 2, 3, 0], [0, 2, 0, 0, 0, 2, 0, 0, 0, 2, 0], [0, 2, 0, 2, 2, 2, 2, 2, 0, 2, 0], [0, 2, 2, 2, 0, 2, 0, 2, 2, 2, 0], [0, 0, 0, 2, 0, 2, 0, 2, 0, 0, 0], [0, 2, 1, 1, 1, 1, 1, 1, 1, 1, 0], [0, 2, 0, 1, 0, 0, 0, 2, 0, 1, 0], [0, 1, 0, 1, 0, 1, 0, 2, 0, 1, 0], [0, 1, 0, 1, 0, 1, 1, 2, 0, 1, 0], [0, 1, 0, 1, 0, 1, 1, 2, 0, 1, 0], [0, 1, 0, 1, 0, 1, 0, 2, 0, 4, 0], [0, 1, 0, 1, 0, 0, 0, 2, 0, 1, 0], [0, 1, 1, 1, 2, 2, 5, 1, 4, 1, 0], [0, 0, 0, 1, 0, 2, 0, 2, 0, 0, 0], [0, 1, 1, 1, 0, 2, 0, 1, 1, 1, 0], [0, 1, 0, 2, 2, 1, 1, 1, 0, 1, 0], [0, 1, 0, 0, 0, 1, 0, 0, 0, 1, 0], [0, 1, 1, 1, 1, 1, 1, 1, 1, 1, 0], [0, 0, 0, 0, 0, 0, 0, 0, 0, 0, 0]]"
